{"id":1223,"type":{"default_type":false,"name":"Predefined Section","slug":"predefined-section","fields":[{"type":"sections","name":"predefined_section","label":"Choose predefined section"}],"template":"\/var\/www\/templates\/lagom2\/core\/cms\/sections\/config\/predefined-section\/predefined-section.tpl","cache":true},"page_id":245,"visibility":1,"theme":"default","order":7,"created_at":"2023-08-30T13:27:22.000000Z","updated_at":"2023-08-30T13:27:22.000000Z","lang":{"english":{"id":1230,"translation":{"predefined_section":"18"}}},"translations":[{"id":1230,"section_id":1223,"lang":"english","values":{"predefined_section":"18"},"created_at":"2023-08-30T13:27:22.000000Z","updated_at":"2023-08-30T13:27:22.000000Z"}]}