{"id":397,"type":{"default_type":false,"name":"Predefined Section","slug":"predefined-section","fields":[{"type":"sections","name":"predefined_section","label":"Choose predefined section"}],"template":"\/var\/www\/templates\/lagom2\/core\/cms\/sections\/config\/predefined-section\/predefined-section.tpl","cache":true},"page_id":146,"visibility":1,"theme":"default","order":12,"created_at":"2023-05-24T10:53:02.000000Z","updated_at":"2023-08-07T13:13:44.000000Z","lang":{"english":{"id":400,"translation":{"predefined_section":"4"}}},"translations":[{"id":400,"section_id":397,"lang":"english","values":{"predefined_section":"4"},"created_at":"2023-05-24T10:53:02.000000Z","updated_at":"2023-05-24T10:53:02.000000Z"}]}