{"id":393,"type":{"default_type":false,"name":"Predefined Section","slug":"predefined-section","fields":[{"type":"sections","name":"predefined_section","label":"Choose predefined section"}],"template":"\/var\/www\/templates\/lagom2\/core\/cms\/sections\/config\/predefined-section\/predefined-section.tpl","cache":true},"page_id":146,"visibility":1,"theme":"default","order":14,"created_at":"2023-05-24T09:07:24.000000Z","updated_at":"2023-08-07T13:13:44.000000Z","lang":{"english":{"id":396,"translation":{"predefined_section":"9"}}},"translations":[{"id":396,"section_id":393,"lang":"english","values":{"predefined_section":"9"},"created_at":"2023-05-24T09:07:24.000000Z","updated_at":"2023-05-24T09:07:24.000000Z"}]}