{"id":696,"type":{"default_type":false,"name":"Predefined Section","slug":"predefined-section","fields":[{"type":"sections","name":"predefined_section","label":"Choose predefined section"}],"template":"\/var\/www\/templates\/lagom2\/core\/cms\/sections\/config\/predefined-section\/predefined-section.tpl","cache":true},"page_id":210,"visibility":1,"theme":"default","order":8,"created_at":"2023-06-27T07:22:37.000000Z","updated_at":"2023-08-26T11:07:22.000000Z","lang":{"english":{"id":699,"translation":{"predefined_section":"9"}}},"translations":[{"id":699,"section_id":696,"lang":"english","values":{"predefined_section":"9"},"created_at":"2023-06-27T07:22:37.000000Z","updated_at":"2023-06-27T07:22:37.000000Z"}]}