{"id":1102,"type":{"default_type":false,"name":"Predefined Section","slug":"predefined-section","fields":[{"type":"sections","name":"predefined_section","label":"Choose predefined section"}],"template":"\/var\/www\/templates\/lagom2\/core\/cms\/sections\/config\/predefined-section\/predefined-section.tpl","cache":true},"page_id":210,"visibility":1,"theme":"default","order":7,"created_at":"2023-08-26T11:07:22.000000Z","updated_at":"2023-08-26T11:07:22.000000Z","lang":{"english":{"id":1109,"translation":{"predefined_section":"22"}}},"translations":[{"id":1109,"section_id":1102,"lang":"english","values":{"predefined_section":"22"},"created_at":"2023-08-26T11:07:22.000000Z","updated_at":"2023-08-26T11:07:22.000000Z"}]}