{"id":768,"type":{"default_type":true,"name":"TLD Table","slug":"tld-table","fields":[{"type":"subsection","name":"subsection","label":"Section Description","collapse":false},{"type":"text","name":"caption","label":"Caption","placeholder":"Enter caption...","tooltip":"Lorem Ipsum <a href=\"#\">Learn More<\/a>","tooltip_url":"https:\/\/lagomowycms.com"},{"type":"text","name":"title","label":"Title","placeholder":"Enter title...","tooltip":"Lorem Ipsum <a href=\"#\">Learn More<\/a>","tooltip_url":"https:\/\/lagomowycms.com"},{"type":"text-editor","name":"subtitle","label":"Subtitle","placeholder":"Enter subtitle...","tooltip":"Lorem Ipsum <a href=\"#\">Learn More<\/a>"},{"type":"subsection","name":"subsection","label":"TLD Table Settings","collapse":true},{"type":"select","name":"tld_table_style","label":"Table Style","tooltip":"Lorem Ipsum <a href=\"#\">Learn More<\/a>","options":[{"name":"Default","value":"default"},{"name":"Bordered","value":"bordered"},{"name":"Boxed","value":"boxed"}]},{"type":"checkbox","name":"show_register_column","label":"Show Register Column","tooltip":"Lorem Ipsum <a href=\"#\">Learn More<\/a>"},{"type":"checkbox","name":"show_renewal_column","label":"Show Renewal Column","tooltip":"Lorem Ipsum <a href=\"#\">Learn More<\/a>"},{"type":"checkbox","name":"show_transfer_column","label":"Show Transfer Column","tooltip":"Lorem Ipsum <a href=\"#\">Learn More<\/a>"},{"type":"checkbox","name":"show_dns_management_column","label":"Show DNS Management Column","tooltip":"Lorem Ipsum <a href=\"#\">Learn More<\/a>"},{"type":"checkbox","name":"show_email_forwarding_column","label":"Show Email Forwarding Column","tooltip":"Lorem Ipsum <a href=\"#\">Learn More<\/a>"},{"type":"checkbox","name":"show_id_protection_column","label":"Show ID Protection Column","tooltip":"Lorem Ipsum <a href=\"#\">Learn More<\/a>"},{"type":"select","name":"domains_per_page","options":[{"name":"10","value":"10"},{"name":"25","value":"25"},{"name":"50","value":"50"},{"name":"100","value":"100"},{"name":"200","value":"200"},{"name":"500","value":"500"},{"name":"1000","value":"1000"},{"name":"All","value":"All"}],"label":"Domains per page","tooltip":"Lorem Ipsum <a href=\"#\">Learn More<\/a>"},{"type":"subsection","name":"subsection","label":"Section Actions","collapse":true},{"type":"buttons","name":"buttons","label":"Buttons","tooltip":"Lorem Ipsum <a href=\"#\">Learn More<\/a>"},{"type":"subsection","name":"subsection","label":"Advanced Section Settings","collapse":true},{"type":"text","name":"section_anchor","label":"Section anchor","placeholder":"Enter anchor...","tooltip":"Lorem Ipsum <a href=\"#\">Learn More<\/a>"},{"type":"text","name":"custom_class","label":"Section custom class","placeholder":"Enter class...","tooltip":"Lorem Ipsum <a href=\"#\">Learn More<\/a>"}],"template":"\/var\/www\/templates\/lagom2\/core\/cms\/sections\/config\/tld-table\/tld-table.tpl","cache":["domain_price_refresh"],"thumb":"thumb.png"},"page_id":162,"visibility":1,"theme":"default","order":2,"created_at":"2023-06-28T11:12:48.000000Z","updated_at":"2023-07-09T09:11:53.000000Z","lang":{"english":{"id":775,"translation":{"caption":"Section TLDs Table - Bordered","title":"TLD table in bordered style","subtitle":"","tld_table_style":"bordered","show_register_column":"1","show_renewal_column":"1","show_transfer_column":"1","show_dns_management_column":"0","show_email_forwarding_column":"0","show_id_protection_column":"1","domains_per_page":"10","buttons":"","section_anchor":"","custom_class":""}}},"translations":[{"id":775,"section_id":768,"lang":"english","values":{"caption":"Section TLDs Table - Bordered","title":"TLD table in bordered style","subtitle":"","tld_table_style":"bordered","show_register_column":"1","show_renewal_column":"1","show_transfer_column":"1","show_dns_management_column":"0","show_email_forwarding_column":"0","show_id_protection_column":"1","domains_per_page":"10","buttons":"","section_anchor":"","custom_class":""},"created_at":"2023-06-28T11:12:48.000000Z","updated_at":"2023-06-28T11:12:48.000000Z"}]}