[{"id":190,"custom_page":1,"url":"svg-mc-illustrations","name":"Other - SVG MC Illustrations","display_type":"website","list_display":1,"seo_enabled":1,"seo_robots":0,"seo_title":{"arabic":"","azerbaijani":"","catalan":"","chinese":"","croatian":"","czech":"","danish":"","dutch":"","english":"SVG Illustrations","estonian":"","farsi":"","french":"","german":"","hebrew":"","hungarian":"","italian":"","macedonian":"","norwegian":"","portuguese-br":"","portuguese-pt":"","romanian":"","russian":"","spanish":"","swedish":"","turkish":"","ukranian":""},"seo_description":null,"seo_image":null,"settings":{"published":"1","body_class":""},"created_at":"2023-05-25T08:36:49.000000Z","updated_at":"2023-08-04T10:23:31.000000Z"}]