{"id":955,"type":{"default_type":false,"name":"Predefined Section","slug":"predefined-section","fields":[{"type":"sections","name":"predefined_section","label":"Choose predefined section"}],"template":"\/var\/www\/templates\/lagom2\/core\/cms\/sections\/config\/predefined-section\/predefined-section.tpl","cache":true},"page_id":226,"visibility":1,"theme":"gray","order":4,"created_at":"2023-08-22T07:12:04.000000Z","updated_at":"2023-08-22T07:12:04.000000Z","lang":{"english":{"id":962,"translation":{"predefined_section":"17"}}},"translations":[{"id":962,"section_id":955,"lang":"english","values":{"predefined_section":"17"},"created_at":"2023-08-22T07:12:04.000000Z","updated_at":"2023-08-22T07:12:04.000000Z"}]}