{"id":1410,"type":{"default_type":false,"name":"Predefined Section","slug":"predefined-section","fields":[{"type":"sections","name":"predefined_section","label":"Choose predefined section"}],"template":"\/var\/www\/templates\/lagom2\/core\/cms\/sections\/config\/predefined-section\/predefined-section.tpl","cache":true},"page_id":252,"visibility":1,"theme":"default","order":13,"created_at":"2024-04-17T09:32:19.000000Z","updated_at":"2024-04-17T09:32:19.000000Z","lang":{"english":{"id":1417,"translation":{"predefined_section":"20"}}},"translations":[{"id":1417,"section_id":1410,"lang":"english","values":{"predefined_section":"20"},"created_at":"2024-04-17T09:32:19.000000Z","updated_at":"2024-04-17T09:32:19.000000Z"}]}