{"id":1406,"type":{"default_type":true,"name":"Features","slug":"features","fields":[{"type":"subsection","name":"subsection","label":"Section Description","collapse":false},{"type":"text","name":"caption","label":"Caption","placeholder":"Enter caption...","tooltip":"Provide a brief section caption to appear above the main title in a smaller font. You can skip this if you don`t wish to display this element.","tooltip_url":"https:\/\/lagom.rsstudio.net\/docs\/website-builder\/section-features\/#section-description"},{"type":"text","name":"title","label":"Title","placeholder":"Enter title...","tooltip":"Elevate page clarity and visual hierarchy using section titles. Optionally skip for not displaying this element.","tooltip_url":"https:\/\/lagom.rsstudio.net\/docs\/website-builder\/section-features\/#section-description"},{"type":"text-editor","name":"subtitle","label":"Subtitle","placeholder":"Enter subtitle...","tooltip":"Add concise text to clarify section content, enhancing context and user understanding. You can skip this if you don`t wish to display this element.","tooltip_url":"https:\/\/lagom.rsstudio.net\/docs\/website-builder\/section-features\/#section-description"},{"type":"subsection","name":"subsection","label":"Features List","collapse":false},{"type":"group-input","name":"features_group","label":"Group features in multiple tabs","grouped":false,"group_forced":false,"fields":[{"type":"list","name":"features","label":"Features","tooltip":"Present the list of generated features that will appear on the edited website page. This list offers the convenience to arrange items by dragging and dropping, allowing you to adjust their sequence.","tooltip_url":"https:\/\/lagom.rsstudio.net\/docs\/website-builder\/section-features\/#features"}],"tooltip":"This option enables you to generate multiple feature groups, which will subsequently appear on the frontend as distinct tabs","tooltip_url":"https:\/\/lagom.rsstudio.net\/docs\/website-builder\/section-features\/#group-section","group_section":"features"},{"type":"subsection","name":"subsection","label":"Features Settings","collapse":true},{"type":"select","name":"features_size","label":"Feature size","container_class":"col-sm-3","options":[{"name":"Default","value":"default"},{"name":"Small","value":"small"},{"name":"Large","value":"large"}],"tooltip":"Select the size at which the created \"features\" should be displayed on your website. Choose from a list of predefined sizes.","tooltip_url":"https:\/\/lagom.rsstudio.net\/docs\/website-builder\/section-features\/#feature-size"},{"type":"select","name":"features_icon_position","label":"Feature icon position","container_class":"col-sm-3","options":[{"name":"Top - Center","value":"top-center"},{"name":"Top - Left","value":"top-left"},{"name":"Left","value":"left"},{"name":"Right","value":"right"}],"tooltip":"Select the position of the graphic within the \"feature\" item. This choice will also influence the layout of the \"feature\" item content.","tooltip_url":"https:\/\/lagom.rsstudio.net\/docs\/website-builder\/section-features\/#feature-icon-position"},{"type":"select","name":"features_style","label":"Feature style","container_class":"col-sm-3","options":[{"name":"Default","value":"default"},{"name":"Boxed","value":"boxed"},{"name":"Bordered","value":"bordered"}],"tooltip":"This option enables you to generate multiple feature groups, which will subsequently appear on the frontend as distinct tabs","tooltip_url":"https:\/\/lagom.rsstudio.net\/docs\/website-builder\/section-features\/#group-section"},{"type":"checkbox","name":"display_features_slider","label":"Display features as slider","label_attributes":[{"name":"toggle","value":"lu-collapse"},{"name":"target","value":"#display_features_slider"}],"tooltip":"Determine the style you want to apply to the created \"feature\" items. Choose a style that maintains consistency with other section types on this page.","tooltip_url":"https:\/\/lagom.rsstudio.net\/docs\/website-builder\/section-features\/#feature-style"},{"type":"select","name":"features_slider_type","container_id":"display_features_slider","container_collapse":true,"container_collapse_target":"display_features_slider","container_class":"col-6","options":[{"name":"Full browser width slider","value":"screen-slider"},{"name":"Slider with left and right arrows","value":"content-slider"}],"tooltip":"This option enables you to display feature items as slider, once enabled additonal field will be shown, so you`d be able to choose different slider types.","tooltip_url":"https:\/\/lagom.rsstudio.net\/docs\/website-builder\/section-features\/#feature-slider"},{"type":"select","name":"cols_desktop","label":"Columns on desktop","container_class":"col-sm-3","options":[{"name":"1","value":"1"},{"name":"2","value":"2"},{"name":"3","value":"3","default":true},{"name":"4","value":"4"},{"name":"5","value":"5"},{"name":"6","value":"6"}],"tooltip":"Define the number of columns for features displayed on screens wider than 1320px.","tooltip_url":"https:\/\/lagom.rsstudio.net\/docs\/website-builder\/section-features\/#feature-columns"},{"type":"select","name":"cols_tab_h","label":"Columns on tablet horizontal","container_class":"col-sm-3","options":[{"name":"1","value":"1"},{"name":"2","value":"2"},{"name":"3","value":"3","default":true},{"name":"4","value":"4"},{"name":"5","value":"5"},{"name":"6","value":"6"}],"tooltip":"Specify the number of columns for features displayed on screens with widths ranging from 992px to 1319px.","tooltip_url":"https:\/\/lagom.rsstudio.net\/docs\/website-builder\/section-features\/#feature-columns"},{"type":"select","name":"cols_tab_v","label":"Columns on tablet vertical","container_class":"col-sm-3","options":[{"name":"1","value":"1"},{"name":"2","value":"2","default":true},{"name":"3","value":"3"},{"name":"4","value":"4"}],"tooltip":"Choose the number of columns for features displayed on screens with widths ranging from 768px to 991px.","tooltip_url":"https:\/\/lagom.rsstudio.net\/docs\/website-builder\/section-features\/#feature-columns"},{"type":"select","name":"cols_mob","label":"Columns on mobile","container_class":"col-sm-3","options":[{"name":"1","value":"1"},{"name":"2","value":"2"}],"tooltip":"Set amount of columns with features, shown on screens with width smaller than 767px.","tooltip_url":"https:\/\/lagom.rsstudio.net\/docs\/website-builder\/section-features\/#feature-columns"},{"type":"subsection","name":"subsection","label":"Section Actions","collapse":true},{"type":"buttons","name":"buttons","label":"Buttons","tooltip":"Create and assign custom buttons to this section with ease. Boost user engagement and enhance website conversion with effective call-to-action buttons.","tooltip_url":"https:\/\/lagom.rsstudio.net\/docs\/website-builder\/section-common-settings\/#button-manager"},{"type":"checkbox","name":"show_product_pricing","label":"Display starting price of selected product\/product group","label_attributes":[{"name":"toggle","value":"lu-collapse"},{"name":"target","value":"#show_product_pricing"}],"tooltip":"When \"Display starting price of selected product group\" is activated, additional field with product groups will be shown. This field displays \"starting price\" from the selected product group.","tooltip_url":"https:\/\/lagom.rsstudio.net\/docs\/website-builder\/website-builder\/section-graphic\/#section-actions"},{"type":"select","name":"product_group_pricing","container_id":"show_product_pricing","container_collapse":true,"container_collapse_target":"show_product_pricing"},{"type":"subsection","name":"subsection","label":"Advanced Section Settings","collapse":true},{"type":"checkbox","name":"combined","label":"Combine this section with section below","attributes":[{"name":"uncheck-switcher","value":["overlay"]}],"tooltip":"Eliminate bottom padding and borders from this section, allowing the fusion of these two sections. It`s recommended to apply identical \"Section Style\" in the \"Section Panel\" for seamless integration.","tooltip_url":"https:\/\/lagom.rsstudio.net\/docs\/website-builder\/section-common-settings\/#combine-sections"},{"type":"checkbox","name":"overlay","label":"Overlay section below on this section","attributes":[{"name":"uncheck-switcher","value":["combined"]}],"tooltip":"This configuration pulls the section below over the currently managed section while adding an extra 200px padding at the bottom. You can adjust the pixel value by customizing the <b>--cms-section-overlay-margin<\/b> CSS variable through custom CSS rules.","tooltip_url":"https:\/\/lagom.rsstudio.net\/docs\/website-builder\/section-common-settings\/#overlay-sections"},{"type":"text","name":"features_custom_classes","label":"Features custom class","placeholder":"Enter class...","tooltip":"Assign custom class to all feature items generated in this section."},{"type":"text","name":"section_anchor","label":"Section anchor","placeholder":"Enter anchor...","tooltip":"Assign special names to section anchors. This makes it easy to guide people to specific parts of the page when you share links","tooltip_url":"https:\/\/lagom.rsstudio.net\/docs\/website-builder\/section-common-settings\/#section-anchor"},{"type":"text","name":"custom_class","label":"Section custom class","placeholder":"Enter class...","tooltip":"This setting allows you to assign custom classes to the section container. You can input your own CSS class here and then apply the necessary styling in the <b>theme-custom.css<\/b> file.","tooltip_url":"https:\/\/lagom.rsstudio.net\/docs\/website-builder\/section-common-settings\/#section-custom-class"}],"template":"\/var\/www\/templates\/lagom2\/core\/cms\/sections\/config\/features\/features.tpl","cache":true,"thumb":"thumb.png"},"page_id":252,"visibility":1,"theme":"default","order":9,"created_at":"2024-04-17T09:32:19.000000Z","updated_at":"2024-04-17T09:32:19.000000Z","lang":{"english":{"id":1413,"translation":{"caption":"Cloud Server Use Cases","title":"Cloud Server hosting that\u2019s an all-rounder","subtitle":"Your projects reach new horizons with the propulsion of Cloud Servers. Unlock an array of possibilities and embrace the endless potential for progress.","features_group":{"grouped":"0","group_forced":"0","groups":{"1":{"group_index":"1","group_name":"","group_order":"1","fields":{"features":[{"index":"1","position":"1","title":"IT Infrastructure","description":"<p>Optimize your IT infrastructure with Cloud Server products. Scale resources based on demand, deploy and manage applications effortlessly, and ensure high availability for critical systems, creating a robust and adaptable IT environment.<br><\/p>","custom_classes":"","show_icon":"1","font-icon":"ls ls-check","link_text":"","link_type":"custom-url","show_link":"0","custom_url":"","target_blank":"0","stat":"","url":""},{"index":"2","position":"2","title":"Education & Institutions","description":"<p>Host virtual classrooms, manage student databases securely, and facilitate remote learning effortlessly. Ensure seamless access to resources for students and educators, creating an adaptable and accessible educational platform.<br><\/p>","custom_classes":"","show_icon":"1","font-icon":"ls ls-check","link_text":"","link_type":"custom-url","show_link":"0","custom_url":"","target_blank":"0","stat":"","url":""},{"index":"3","position":"3","title":"Software Development","description":"<p>Create agile development environments, collaborate seamlessly, and deploy applications effortlessly. Scale resources as your projects evolve, ensuring optimal testing, development, and innovation for your software solutions.<br><\/p>","custom_classes":"","show_icon":"1","font-icon":"ls ls-check","link_text":"","link_type":"custom-url","show_link":"0","custom_url":"","target_blank":"0","stat":"","url":""},{"index":"4","position":"4","title":"Ecommerce","description":"<p>Deliver fast-loading online stores, manage secure transactions, and scale resources seamlessly during peak shopping seasons. Create an exceptional shopping experience while ensuring reliability and security for your customers.<br><\/p>","custom_classes":"","show_icon":"1","font-icon":"ls ls-check","link_text":"","link_type":"custom-url","show_link":"0","custom_url":"","target_blank":"0","stat":"","url":""},{"index":"5","position":"5","title":"Industrial Networking","description":"<p>Ensure reliable connectivity, real-time data processing, and secure remote monitoring. Optimize operational efficiency, streamline processes, and enable robust industrial networking solutions with scalable and adaptable Cloud Servers.<br><\/p>","custom_classes":"","show_icon":"1","font-icon":"ls ls-check","link_text":"","link_type":"custom-url","show_link":"0","custom_url":"","target_blank":"0","stat":"","url":""},{"index":"6","position":"6","title":"Game Servers","description":"<p>Host multiplayer game servers with low-latency performance, scalable resources, and robust security. Create immersive environments, ensuring seamless gameplay and interactions for players worldwide.<br><\/p>","custom_classes":"","show_icon":"1","font-icon":"ls ls-check","link_text":"","link_type":"custom-url","show_link":"0","custom_url":"","target_blank":"0","stat":"","url":""}]}}},"new_group_index":2},"features_size":"default","features_icon_position":"left","features_style":"default","display_features_slider":"0","features_slider_type":"screen-slider","cols_desktop":"3","cols_tab_h":"3","cols_tab_v":"2","cols_mob":"1","buttons":"","show_product_pricing":"0","product_group_pricing":"none","combined":"0","overlay":"0","features_custom_classes":"","section_anchor":"","custom_class":""}}},"translations":[{"id":1413,"section_id":1406,"lang":"english","values":{"caption":"Cloud Server Use Cases","title":"Cloud Server hosting that\u2019s an all-rounder","subtitle":"Your projects reach new horizons with the propulsion of Cloud Servers. Unlock an array of possibilities and embrace the endless potential for progress.","features_group":{"group_forced":"0","grouped":"0","groups":{"1":{"group_name":"","group_order":"1","group_index":"1","fields":{"features":[{"index":"1","position":"1","title":"IT Infrastructure","description":"<p>Optimize your IT infrastructure with Cloud Server products. Scale resources based on demand, deploy and manage applications effortlessly, and ensure high availability for critical systems, creating a robust and adaptable IT environment.<br><\/p>","custom_classes":"","show_icon":"1","font-icon":"ls ls-check","link_text":"","link_type":"custom-url","show_link":"0","custom_url":"","target_blank":"0","stat":""},{"index":"2","position":"2","title":"Education & Institutions","description":"<p>Host virtual classrooms, manage student databases securely, and facilitate remote learning effortlessly. Ensure seamless access to resources for students and educators, creating an adaptable and accessible educational platform.<br><\/p>","custom_classes":"","show_icon":"1","font-icon":"ls ls-check","link_text":"","link_type":"custom-url","show_link":"0","custom_url":"","target_blank":"0","stat":""},{"index":"3","position":"3","title":"Software Development","description":"<p>Create agile development environments, collaborate seamlessly, and deploy applications effortlessly. Scale resources as your projects evolve, ensuring optimal testing, development, and innovation for your software solutions.<br><\/p>","custom_classes":"","show_icon":"1","font-icon":"ls ls-check","link_text":"","link_type":"custom-url","show_link":"0","custom_url":"","target_blank":"0","stat":""},{"index":"4","position":"4","title":"Ecommerce","description":"<p>Deliver fast-loading online stores, manage secure transactions, and scale resources seamlessly during peak shopping seasons. Create an exceptional shopping experience while ensuring reliability and security for your customers.<br><\/p>","custom_classes":"","show_icon":"1","font-icon":"ls ls-check","link_text":"","link_type":"custom-url","show_link":"0","custom_url":"","target_blank":"0","stat":""},{"index":"5","position":"5","title":"Industrial Networking","description":"<p>Ensure reliable connectivity, real-time data processing, and secure remote monitoring. Optimize operational efficiency, streamline processes, and enable robust industrial networking solutions with scalable and adaptable Cloud Servers.<br><\/p>","custom_classes":"","show_icon":"1","font-icon":"ls ls-check","link_text":"","link_type":"custom-url","show_link":"0","custom_url":"","target_blank":"0","stat":""},{"index":"6","position":"6","title":"Game Servers","description":"<p>Host multiplayer game servers with low-latency performance, scalable resources, and robust security. Create immersive environments, ensuring seamless gameplay and interactions for players worldwide.<br><\/p>","custom_classes":"","show_icon":"1","font-icon":"ls ls-check","link_text":"","link_type":"custom-url","show_link":"0","custom_url":"","target_blank":"0","stat":""}]}}}},"features_size":"default","features_icon_position":"left","features_style":"default","display_features_slider":"0","features_slider_type":"screen-slider","cols_desktop":"3","cols_tab_h":"3","cols_tab_v":"2","cols_mob":"1","buttons":"","show_product_pricing":"0","product_group_pricing":"none","combined":"0","overlay":"0","features_custom_classes":"","section_anchor":"","custom_class":""},"created_at":"2024-04-17T09:32:19.000000Z","updated_at":"2024-04-17T09:32:19.000000Z"}]}