{"id":1304,"type":{"default_type":true,"name":"Product Groups","slug":"product-groups","fields":[{"type":"subsection","name":"subsection","label":"Section Description","collapse":false},{"type":"text","name":"caption","label":"Caption","placeholder":"Enter caption...","tooltip":"Provide a brief section caption to appear above the main title in a smaller font. You can skip this if you don`t wish to display this element.","tooltip_url":"https:\/\/lagom.rsstudio.net\/docs\/website-builder\/section-product-groups\/#section-description"},{"type":"text","name":"title","label":"Title","placeholder":"Enter title...","tooltip":"Elevate page clarity and visual hierarchy using section titles. Optionally skip for not displaying this element.","tooltip_url":"https:\/\/lagom.rsstudio.net\/docs\/website-builder\/section-product-groups\/#section-description"},{"type":"text-editor","name":"subtitle","label":"Subtitle","placeholder":"Enter subtitle...","tooltip":"Add concise text to clarify section content, enhancing context and user understanding. You can skip this if you don`t wish to display this element.","tooltip_url":"https:\/\/lagom.rsstudio.net\/docs\/website-builder\/section-product-groups\/#section-description"},{"type":"subsection","name":"subsection","label":"Product Group List","collapse":false},{"type":"group-input","name":"products_group","label":"Group products in multiple tabs","grouped":false,"group_forced":false,"fields":[{"type":"group","name":"product_groups","label":"Product groups","tooltip":"Shows a list of items added to this section for display on the website. You can easily arrange them by dragging and dropping, adjusting their order as you like.","tooltip_url":"https:\/\/lagom.rsstudio.net\/docs\/website-builder\/section-product-groups\/#product-grpups"}],"tooltip":"This option enables you to generate multiple groups, which will subsequently appear on the frontend as distinct tabs.","tooltip_url":"https:\/\/lagom.rsstudio.net\/docs\/website-builder\/section-product-groups\/#group-product-group","group_section":"product-groups"},{"type":"subsection","name":"subsection","label":"Product Group Settings","collapse":true},{"type":"select","name":"type","label":"Product type","container_class":"col-sm-6","options":[{"name":"Type 1 - Product with big price and \"Learn More\" button","value":"default"},{"name":"Type 2 - Product with link style button","value":"link"},{"name":"Type 3 - Condensed product with link style button","value":"condensed"}],"tooltip":"Choose the appearance of the product boxes on your generated website page by selecting one of the predefined types from the provided list.","tooltip_url":"https:\/\/lagom.rsstudio.net\/docs\/website-builder\/section-product-groups\/#product-group-type"},{"type":"select","name":"style","label":"Product style","container_class":"col-sm-6","options":[{"name":"Bordered","value":"bordered"},{"name":"Boxed","value":"boxed"}],"tooltip":"Choose the style for the created packages to determine how you want them to be displayed on the generated website page.","tooltip_url":"https:\/\/lagom.rsstudio.net\/docs\/website-builder\/section-product-groups\/#product-group-style"},{"type":"checkbox","name":"display_package_slider","label":"Display product slider on selected resolutions","label_attributes":[{"name":"toggle","value":"lu-collapse"},{"name":"target","value":"#display_package_slider"}],"tooltip":"Decide when the product packages will appear as a sliding display on different screen sizes. This is useful when you have many products to show and want to avoid making the page too long..","tooltip_url":"https:\/\/lagom.rsstudio.net\/docs\/website-builder\/section-product-groups\/#product-group-slider"},{"type":"multiselect","name":"package_slider","container_id":"display_package_slider","container_collapse":true,"container_collapse_target":"display_package_slider","attributes":[{"name":"selectize-all"}],"options":[{"name":"All","value":"all","default":true},{"name":"Desktop","value":"desktop"},{"name":"Tablet Horizontal","value":"tab-h"},{"name":"Tablet Vertical","value":"tab-v"},{"name":"Mobile","value":"mob"}]},{"type":"select","name":"package_price_display","label":"Choose product group price display","options":[{"name":"Cheapest billing cycle","value":"cheapest","default":true},{"name":"Monthly","value":"monthly"},{"name":"Quarterly","value":"quarterly"},{"name":"Semiannually","value":"semiannually"},{"name":"Annually","value":"annually"},{"name":"Biennially","value":"biennially"},{"name":"Triennially","value":"triennially"}],"tooltip":"Decide what pricing should be shown for selected product group box.","tooltip_url":"https:\/\/lagom.rsstudio.net\/docs\/website-builder\/section-product-groups\/#price-display"},{"type":"select","name":"cols_desktop","label":"Columns on desktop","container_class":"col-sm-3","options":[{"name":"1","value":"1"},{"name":"2","value":"2"},{"name":"3","value":"3"},{"name":"4","value":"4","default":true},{"name":"5","value":"5"},{"name":"6","value":"6"}],"tooltip":"efine the number of columns for features displayed on screens wider than 1320px.","tooltip_url":"https:\/\/lagom.rsstudio.net\/docs\/website-builder\/section-product-groups\/#product-columns"},{"type":"select","name":"cols_tab_h","label":"Columns on tablet horizontal","container_class":"col-sm-3","options":[{"name":"1","value":"1"},{"name":"2","value":"2"},{"name":"3","value":"3"},{"name":"4","value":"4","default":true},{"name":"5","value":"5"},{"name":"6","value":"6"}],"tooltip":"Specify the number of columns for features displayed on screens with widths ranging from 992px to 1319px.","tooltip_url":"https:\/\/lagom.rsstudio.net\/docs\/website-builder\/section-product-groups\/#product-columns"},{"type":"select","name":"cols_tab_v","label":"Columns on tablet vertical","container_class":"col-sm-3","options":[{"name":"1","value":"1"},{"name":"2","value":"2","default":true},{"name":"3","value":"3"},{"name":"4","value":"4"}],"tooltip":"Choose the number of columns for features displayed on screens with widths ranging from 768px to 991px.","tooltip_url":"https:\/\/lagom.rsstudio.net\/docs\/website-builder\/section-product-groups\/#product-columns"},{"type":"select","name":"cols_mob","label":"Columns on mobile","container_class":"col-sm-3","options":[{"name":"1","value":"1"},{"name":"2","value":"2"}],"tooltip":"Set amount of columns with features, shown on screens with width smaller than 767px.","tooltip_url":"https:\/\/lagom.rsstudio.net\/docs\/website-builder\/section-product-groups\/#product-columns"},{"type":"subsection","name":"subsection","label":"Section Actions","collapse":true},{"type":"buttons","name":"buttons","label":"Buttons","tooltip":"Create and assign custom buttons to this section with ease. Boost user engagement and enhance website conversion with effective call-to-action buttons.","tooltip_url":"https:\/\/lagom.rsstudio.net\/docs\/website-builder\/section-common-settings\/#button-manager"},{"type":"subsection","name":"subsection","label":"Advanced Section Settings","collapse":true},{"type":"checkbox","name":"combined","label":"Combine this section with section below","attributes":[{"name":"uncheck-switcher","value":["overlay"]}],"tooltip":"Eliminate bottom padding and borders from this section, allowing the fusion of these two sections. It`s recommended to apply identical \"Section Style\" in the \"Section Panel\" for seamless integration.","tooltip_url":"https:\/\/lagom.rsstudio.net\/docs\/website-builder\/section-common-settings\/#combine-sections"},{"type":"checkbox","name":"overlay","label":"Overlay section below on this section","attributes":[{"name":"uncheck-switcher","value":["combined"]}],"tooltip":"This configuration pulls the section below over the currently managed section while adding an extra 200px padding at the bottom. You can adjust the pixel value by customizing the <b>--cms-section-overlay-margin<\/b> CSS variable through custom CSS rules.","tooltip_url":"https:\/\/lagom.rsstudio.net\/docs\/website-builder\/section-common-settings\/#overlay-sections"},{"type":"text","name":"package_custom_classes","label":"Package custom class","placeholder":"Enter class...","tooltip":"Assign custom class to all product items generated in this section."},{"type":"text","name":"section_anchor","label":"Section anchor","placeholder":"Enter anchor...","tooltip":"Assign special names to section anchors. This makes it easy to guide people to specific parts of the page when you share links","tooltip_url":"https:\/\/lagom.rsstudio.net\/docs\/website-builder\/section-common-settings\/#section-anchor"},{"type":"text","name":"custom_class","label":"Section custom class","placeholder":"Enter class...","tooltip":"This setting allows you to assign custom classes to the section container. You can input your own CSS class here and then apply the necessary styling in the <b>theme-custom.css<\/b> file.","tooltip_url":"https:\/\/lagom.rsstudio.net\/docs\/website-builder\/section-common-settings\/#section-custom-class"}],"template":"\/var\/www\/templates\/lagom2\/core\/cms\/sections\/config\/product-groups\/product-groups.tpl","cache":["product","product_price_refresh"],"thumb":"thumb.png"},"page_id":246,"visibility":1,"theme":"default","order":11,"created_at":"2024-04-09T10:44:58.000000Z","updated_at":"2024-04-09T10:44:58.000000Z","lang":{"english":{"id":1311,"translation":{"caption":"Explore Different Products","title":"Not what you\u2019re looking for?","subtitle":"","products_group":{"grouped":"0","group_forced":"0","groups":{"1":{"group_index":"1","group_name":"","group_order":"1","fields":{"product_groups":[{"index":"2","position":"3","custom_classes":"","show_icon":"0","group_id":"19","link_type":"whmcs-page","whmcs_page":"wordpress-hosting","url":"wordpress-hosting","title":"WordPress Hosting","description":"A fast, reliable, and secure way to power your WordPress website."},{"index":"4","position":"6","custom_classes":"","show_icon":"0","group_id":"2","link_type":"whmcs-page","whmcs_page":"vps-hosting","url":"vps-hosting","title":"VPS Hosting","description":"Powerful cloud VPS hosting with dedicated resources &amp; easy scaling."},{"index":"5","position":"5","custom_classes":"","show_icon":"0","group_id":"20","link_type":"whmcs-page","whmcs_page":"cloud-servers","url":"cloud-servers","title":"Cloud Servers","description":"Lightning-fast servers with root access, SSD storage and blazing-fast networkin."},{"index":"6","position":"6","custom_classes":"","show_icon":"0","group_id":"3","link_type":"whmcs-page","whmcs_page":"dedicated-servers","url":"dedicated-servers","title":"Dedicated Servers","description":"Get industry-leading hardware at an affordable dedicated server price."},{"index":"3","position":"6","custom_classes":"","show_icon":"0","group_id":"21","link_type":"whmcs-page","whmcs_page":"reseller-hosting","url":"reseller-hosting","title":"Reseller Hosting","description":"Earn some cash and manage multiple websites with ease using WHM."},{"index":"1","position":"1","custom_classes":"","show_icon":"0","group_id":"28","link_type":"whmcs-page","whmcs_page":"game-servers","url":"game-servers","title":"Game Servers","description":"High performance game servers, with minimal ping at lowest prices."}]}}},"new_group_index":2},"type":"link","style":"boxed","display_package_slider":"0","package_slider":"all","package_price_display":"cheapest","cols_desktop":"3","cols_tab_h":"3","cols_tab_v":"2","cols_mob":"1","buttons":"","combined":"0","overlay":"0","package_custom_classes":"","section_anchor":"","custom_class":""}}},"translations":[{"id":1311,"section_id":1304,"lang":"english","values":{"caption":"Explore Different Products","title":"Not what you\u2019re looking for?","subtitle":"","products_group":{"group_forced":"0","grouped":"0","groups":{"1":{"group_name":"","group_order":"1","group_index":"1","fields":{"product_groups":[{"index":"2","position":"3","custom_classes":"","show_icon":"0","group_id":"19","link_type":"whmcs-page","whmcs_page":"wordpress-hosting","url":"wordpress-hosting"},{"index":"4","position":"6","custom_classes":"","show_icon":"0","group_id":"2","link_type":"whmcs-page","whmcs_page":"vps-hosting","url":"vps-hosting"},{"index":"5","position":"5","custom_classes":"","show_icon":"0","group_id":"20","link_type":"whmcs-page","whmcs_page":"cloud-servers","url":"cloud-servers"},{"index":"6","position":"6","custom_classes":"","show_icon":"0","group_id":"3","link_type":"whmcs-page","whmcs_page":"dedicated-servers","url":"dedicated-servers"},{"index":"3","position":"6","custom_classes":"","show_icon":"0","group_id":"21","link_type":"whmcs-page","whmcs_page":"reseller-hosting","url":"reseller-hosting"},{"index":"1","position":"1","custom_classes":"","show_icon":"0","group_id":"28","link_type":"whmcs-page","whmcs_page":"game-servers","url":"game-servers"}]}}}},"type":"link","style":"boxed","display_package_slider":"0","package_slider":"all","package_price_display":"cheapest","cols_desktop":"3","cols_tab_h":"3","cols_tab_v":"2","cols_mob":"1","buttons":"","combined":"0","overlay":"0","package_custom_classes":"","section_anchor":"","custom_class":""},"created_at":"2024-04-09T10:44:58.000000Z","updated_at":"2024-04-09T10:44:58.000000Z"}]}