{"id":1306,"type":{"default_type":true,"name":"FAQ","slug":"faq","fields":[{"type":"subsection","name":"subsection","label":"Section Description","collapse":false},{"type":"text","name":"caption","label":"Caption","placeholder":"Enter caption...","tooltip":"Provide a brief section caption to appear above the main title in a smaller font. You can skip this if you don`t wish to display this element.","tooltip_url":"https:\/\/lagom.rsstudio.net\/docs\/website-builder\/section-faq\/#section-description"},{"type":"text","name":"title","label":"Title","placeholder":"Enter title...","tooltip":"Elevate page clarity and visual hierarchy using section titles. Optionally skip for not displaying this element.","tooltip_url":"https:\/\/lagom.rsstudio.net\/docs\/website-builder\/section-faq\/#section-description"},{"type":"text-editor","name":"subtitle","label":"Subtitle","placeholder":"Enter subtitle...","tooltip":"Add concise text to clarify section content, enhancing context and user understanding. You can skip this if you don`t wish to display this element.","tooltip_url":"https:\/\/lagom.rsstudio.net\/docs\/website-builder\/section-faq\/#section-description"},{"type":"subsection","name":"subsection","label":"FAQ List","collapse":false},{"type":"group-input","name":"list_group","label":"Group section content","grouped":false,"group_forced":false,"fields":[{"type":"list","name":"list","label":"FAQ items","icons":false,"link":false,"tooltip":"Lorem Ipsum <a href=\"#\">Learn More<\/a>"}],"tooltip":"The \"Group section content\" function enables you to create multiple item groups that will be displayed on the frontend as distinct tabs.","tooltip_url":"https:\/\/lagom.rsstudio.net\/docs\/website-builder\/section-faq\/#group-section","group_section":"faq"},{"type":"subsection","name":"subsection","label":"FAQ Settings","collapse":false},{"type":"select","name":"list_type","label":"FAQ Type","container_class":"col-sm-6","options":[{"name":"Type 1 - Accordion","value":"accordion"},{"name":"Type 2 - Expanded list with fully visible title and description","value":"expanded"}],"tooltip":"Select the display type for the list of FAQ items.","tooltip_url":"https:\/\/lagom.rsstudio.net\/docs\/website-builder\/section-faq\/#faq-settings"},{"type":"select","name":"list_style","label":"FAQ item style","container_class":"col-sm-6","options":[{"name":"Default","value":"default"},{"name":"Divided","value":"divided"},{"name":"Boxed","value":"boxed"}],"tooltip":"Select the display style for the list of FAQ items.","tooltip_url":"https:\/\/lagom.rsstudio.net\/docs\/website-builder\/section-faq\/#faq-settings"},{"type":"subsection","name":"subsection","label":"Advanced Section Settings","collapse":true},{"type":"checkbox","name":"combined","label":"Combine this section with section below","attributes":[{"name":"uncheck-switcher","value":["overlay"]}],"tooltip":"Eliminate bottom padding and borders from this section, allowing the fusion of these two sections. It`s recommended to apply identical \"Section Style\" in the \"Section Panel\" for seamless integration.","tooltip_url":"https:\/\/lagom.rsstudio.net\/docs\/website-builder\/section-common-settings\/#combine-sections"},{"type":"checkbox","name":"overlay","label":"Overlay section below on this section","attributes":[{"name":"uncheck-switcher","value":["combined"]}],"tooltip":"This configuration pulls the section below over the currently managed section while adding an extra 200px padding at the bottom. You can adjust the pixel value by customizing the <b>--cms-section-overlay-margin<\/b> CSS variable through custom CSS rules.","tooltip_url":"https:\/\/lagom.rsstudio.net\/docs\/website-builder\/section-common-settings\/#overlay-sections"},{"type":"text","name":"section_anchor","label":"Section anchor","placeholder":"Enter anchor...","tooltip":"Assign special names to section anchors. This makes it easy to guide people to specific parts of the page when you share links","tooltip_url":"https:\/\/lagom.rsstudio.net\/docs\/website-builder\/section-common-settings\/#overlay-sections"},{"type":"text","name":"custom_class","label":"Section custom class","placeholder":"Enter class...","tooltip":"This setting allows you to assign custom classes to the section container. You can input your own CSS class here and then apply the necessary styling in the <b>theme-custom.css<\/b> file.","tooltip_url":"https:\/\/lagom.rsstudio.net\/docs\/website-builder\/section-common-settings\/#overlay-sections"}],"template":"\/var\/www\/templates\/lagom2\/core\/cms\/sections\/config\/faq\/faq.tpl","cache":true,"thumb":"thumb.png"},"page_id":246,"visibility":1,"theme":"default","order":13,"created_at":"2024-04-09T10:44:58.000000Z","updated_at":"2024-04-09T10:44:58.000000Z","lang":{"english":{"id":1313,"translation":{"caption":"","title":"Frequently asked questions","subtitle":"","list_group":{"grouped":"0","group_forced":"0","groups":{"1":{"group_index":"1","group_name":"","group_order":"1","fields":{"list":[{"index":"1","position":"3","title":"What is Shared Hosting?","description":"<p>Shared hosting is a service that lets you rent web space on the internet to publish a web site. Email services are usually also included in most web hosting packages. Same goes for the domain registration of your first site name. The domain name is the address people enter in their browsers to access a specific website.<br><\/p>","custom_classes":"","show_icon":"0","link_text":"","link_type":"custom-url","show_link":"0","custom_url":"","target_blank":"0","url":""},{"index":"2","position":"5","title":"Is Shared Hosting suitable for WordPress?","description":"<p><b>Yes,<\/b> shared hosting can be a great choice for WordPress websites, especially for blogs and smaller sites. Look for WordPress-specific features.<br><\/p>","custom_classes":"","show_icon":"0","media":"undefined","link_text":"","link_type":"custom-url","show_link":"0","custom_url":"","target_blank":"0","stat":"","url":""},{"index":"4","position":"4","title":"Can I upgrade my hosting plan later?","description":"<p><b>Absolutely<\/b>, you can upgrade your Shared Hosting plan with us as your website's demands increase. We offer flexible options to ensure your hosting aligns with your growing needs.<br><\/p>","custom_classes":"","show_icon":"0","media":"undefined","link_text":"","link_type":"custom-url","show_link":"0","custom_url":"","target_blank":"0","stat":"","url":""},{"index":"5","position":"5","title":"I already have Shared Hosting, can I switch my web hosting to you?","description":"<p><b>Of course!<\/b> We welcome migrations from other Shared Hosting providers. Our team will guide you through the seamless process of transferring your website to our hosting platform.<br><\/p>","custom_classes":"","show_icon":"0","media":"undefined","link_text":"","link_type":"custom-url","show_link":"0","custom_url":"","target_blank":"0","stat":"","url":""},{"index":"6","position":"6","title":"Is it easy to build a website?","description":"<p><b>Yes<\/b>, it's incredibly easy to build a website with our Shared Hosting services. We provide user-friendly tools and support to help you create and launch your website quickly and efficiently.<br><\/p>","custom_classes":"","show_icon":"0","media":"undefined","link_text":"","link_type":"custom-url","show_link":"0","custom_url":"","target_blank":"0","stat":"","url":""},{"index":"3","position":"3","title":"What if my website grows significantly?","description":"<p>If your website experiences substantial growth, you might need to consider upgrading to a more advanced hosting solution like VPS or dedicated hosting.<\/p><p>Remember, the right Shared Hosting plan depends on your website's unique requirements and your growth plans. Choose a reputable provider that aligns with your goals and offers excellent customer support.<\/p>","custom_classes":"","show_icon":"0","link_text":"","link_type":"custom-url","show_link":"0","custom_url":"","target_blank":"0","url":""}]}}},"new_group_index":2},"list_type":"accordion","list_style":"boxed","combined":"0","overlay":"0","section_anchor":"","custom_class":""}}},"translations":[{"id":1313,"section_id":1306,"lang":"english","values":{"caption":"","title":"Frequently asked questions","subtitle":"","list_group":{"group_forced":"0","grouped":"0","groups":{"1":{"group_name":"","group_order":"1","group_index":"1","fields":{"list":[{"index":"1","position":"3","title":"What is Shared Hosting?","description":"<p>Shared hosting is a service that lets you rent web space on the internet to publish a web site. Email services are usually also included in most web hosting packages. Same goes for the domain registration of your first site name. The domain name is the address people enter in their browsers to access a specific website.<br><\/p>","custom_classes":"","show_icon":"0","link_text":"","link_type":"custom-url","show_link":"0","custom_url":"","target_blank":"0"},{"index":"2","position":"5","title":"Is Shared Hosting suitable for WordPress?","description":"<p><b>Yes,<\/b> shared hosting can be a great choice for WordPress websites, especially for blogs and smaller sites. Look for WordPress-specific features.<br><\/p>","custom_classes":"","show_icon":"0","media":"undefined","link_text":"","link_type":"custom-url","show_link":"0","custom_url":"","target_blank":"0","stat":""},{"index":"4","position":"4","title":"Can I upgrade my hosting plan later?","description":"<p><b>Absolutely<\/b>, you can upgrade your Shared Hosting plan with us as your website's demands increase. We offer flexible options to ensure your hosting aligns with your growing needs.<br><\/p>","custom_classes":"","show_icon":"0","media":"undefined","link_text":"","link_type":"custom-url","show_link":"0","custom_url":"","target_blank":"0","stat":""},{"index":"5","position":"5","title":"I already have Shared Hosting, can I switch my web hosting to you?","description":"<p><b>Of course!<\/b> We welcome migrations from other Shared Hosting providers. Our team will guide you through the seamless process of transferring your website to our hosting platform.<br><\/p>","custom_classes":"","show_icon":"0","media":"undefined","link_text":"","link_type":"custom-url","show_link":"0","custom_url":"","target_blank":"0","stat":""},{"index":"6","position":"6","title":"Is it easy to build a website?","description":"<p><b>Yes<\/b>, it's incredibly easy to build a website with our Shared Hosting services. We provide user-friendly tools and support to help you create and launch your website quickly and efficiently.<br><\/p>","custom_classes":"","show_icon":"0","media":"undefined","link_text":"","link_type":"custom-url","show_link":"0","custom_url":"","target_blank":"0","stat":""},{"index":"3","position":"3","title":"What if my website grows significantly?","description":"<p>If your website experiences substantial growth, you might need to consider upgrading to a more advanced hosting solution like VPS or dedicated hosting.<\/p><p>Remember, the right Shared Hosting plan depends on your website's unique requirements and your growth plans. Choose a reputable provider that aligns with your goals and offers excellent customer support.<\/p>","custom_classes":"","show_icon":"0","link_text":"","link_type":"custom-url","show_link":"0","custom_url":"","target_blank":"0"}]}}}},"list_type":"accordion","list_style":"boxed","combined":"0","overlay":"0","section_anchor":"","custom_class":""},"created_at":"2024-04-09T10:44:58.000000Z","updated_at":"2024-04-09T10:44:58.000000Z"}]}