{"id":1302,"type":{"default_type":false,"name":"Predefined Section","slug":"predefined-section","fields":[{"type":"sections","name":"predefined_section","label":"Choose predefined section"}],"template":"\/var\/www\/templates\/lagom2\/core\/cms\/sections\/config\/predefined-section\/predefined-section.tpl","cache":true},"page_id":246,"visibility":1,"theme":"gray","order":9,"created_at":"2024-04-09T10:44:58.000000Z","updated_at":"2024-04-09T10:44:58.000000Z","lang":{"english":{"id":1309,"translation":{"predefined_section":"2"}}},"translations":[{"id":1309,"section_id":1302,"lang":"english","values":{"predefined_section":"2"},"created_at":"2024-04-09T10:44:58.000000Z","updated_at":"2024-04-09T10:44:58.000000Z"}]}