{"id":1305,"type":{"default_type":false,"name":"Predefined Section","slug":"predefined-section","fields":[{"type":"sections","name":"predefined_section","label":"Choose predefined section"}],"template":"\/var\/www\/templates\/lagom2\/core\/cms\/sections\/config\/predefined-section\/predefined-section.tpl","cache":true},"page_id":246,"visibility":1,"theme":"default","order":12,"created_at":"2024-04-09T10:44:58.000000Z","updated_at":"2024-04-09T10:44:58.000000Z","lang":{"english":{"id":1312,"translation":{"predefined_section":"4"}}},"translations":[{"id":1312,"section_id":1305,"lang":"english","values":{"predefined_section":"4"},"created_at":"2024-04-09T10:44:58.000000Z","updated_at":"2024-04-09T10:44:58.000000Z"}]}