{"id":1397,"type":{"default_type":false,"name":"Predefined Section","slug":"predefined-section","fields":[{"type":"sections","name":"predefined_section","label":"Choose predefined section"}],"template":"\/var\/www\/templates\/lagom2\/core\/cms\/sections\/config\/predefined-section\/predefined-section.tpl","cache":true},"page_id":251,"visibility":1,"theme":"default","order":14,"created_at":"2024-04-17T09:11:53.000000Z","updated_at":"2024-04-17T09:11:53.000000Z","lang":{"english":{"id":1404,"translation":{"predefined_section":"9"}}},"translations":[{"id":1404,"section_id":1397,"lang":"english","values":{"predefined_section":"9"},"created_at":"2024-04-17T09:11:53.000000Z","updated_at":"2024-04-17T09:11:53.000000Z"}]}