{"id":919,"type":{"default_type":false,"name":"Predefined Section","slug":"predefined-section","fields":[{"type":"sections","name":"predefined_section","label":"Choose predefined section"}],"template":"\/var\/www\/templates\/lagom2\/core\/cms\/sections\/config\/predefined-section\/predefined-section.tpl","cache":true},"page_id":224,"visibility":1,"theme":"default","order":2,"created_at":"2023-08-07T12:30:53.000000Z","updated_at":"2023-08-21T17:25:07.000000Z","lang":{"english":{"id":926,"translation":{"predefined_section":"16"}}},"translations":[{"id":926,"section_id":919,"lang":"english","values":{"predefined_section":"16"},"created_at":"2023-08-07T12:30:53.000000Z","updated_at":"2023-08-07T12:30:53.000000Z"}]}