{"id":950,"type":{"default_type":false,"name":"Predefined Section","slug":"predefined-section","fields":[{"type":"sections","name":"predefined_section","label":"Choose predefined section"}],"template":"\/var\/www\/templates\/lagom2\/core\/cms\/sections\/config\/predefined-section\/predefined-section.tpl","cache":true},"page_id":224,"visibility":1,"theme":"default","order":3,"created_at":"2023-08-21T17:24:24.000000Z","updated_at":"2023-08-21T17:25:07.000000Z","lang":{"english":{"id":957,"translation":{"predefined_section":"21"}}},"translations":[{"id":957,"section_id":950,"lang":"english","values":{"predefined_section":"21"},"created_at":"2023-08-21T17:24:24.000000Z","updated_at":"2023-08-21T17:24:24.000000Z"}]}