{"id":918,"type":{"default_type":false,"name":"Predefined Section","slug":"predefined-section","fields":[{"type":"sections","name":"predefined_section","label":"Choose predefined section"}],"template":"\/var\/www\/templates\/lagom2\/core\/cms\/sections\/config\/predefined-section\/predefined-section.tpl","cache":true},"page_id":224,"visibility":1,"theme":"gray","order":4,"created_at":"2023-08-07T12:30:53.000000Z","updated_at":"2023-08-21T17:24:24.000000Z","lang":{"english":{"id":925,"translation":{"predefined_section":"17"}}},"translations":[{"id":925,"section_id":918,"lang":"english","values":{"predefined_section":"17"},"created_at":"2023-08-07T12:30:53.000000Z","updated_at":"2023-08-07T12:30:53.000000Z"}]}