{"id":951,"type":{"default_type":false,"name":"Predefined Section","slug":"predefined-section","fields":[{"type":"sections","name":"predefined_section","label":"Choose predefined section"}],"template":"\/var\/www\/templates\/lagom2\/core\/cms\/sections\/config\/predefined-section\/predefined-section.tpl","cache":true},"page_id":224,"visibility":1,"theme":"default","order":7,"created_at":"2023-08-21T17:25:07.000000Z","updated_at":"2023-08-21T17:25:07.000000Z","lang":{"english":{"id":958,"translation":{"predefined_section":"4"}}},"translations":[{"id":958,"section_id":951,"lang":"english","values":{"predefined_section":"4"},"created_at":"2023-08-21T17:25:07.000000Z","updated_at":"2023-08-21T17:25:07.000000Z"}]}