{"id":458,"type":{"default_type":false,"name":"Predefined Section","slug":"predefined-section","fields":[{"type":"sections","name":"predefined_section","label":"Choose predefined section"}],"template":"\/var\/www\/templates\/lagom2\/core\/cms\/sections\/config\/predefined-section\/predefined-section.tpl","cache":true},"page_id":141,"visibility":1,"theme":"default","order":6,"created_at":"2023-05-27T11:24:51.000000Z","updated_at":"2023-07-22T07:48:27.000000Z","lang":{"english":{"id":461,"translation":{"predefined_section":"1"}},"croatian":{"id":1317,"translation":{"predefined_section":"1"}}},"translations":[{"id":461,"section_id":458,"lang":"english","values":{"predefined_section":"1"},"created_at":"2023-05-27T11:24:51.000000Z","updated_at":"2023-05-27T11:24:51.000000Z"},{"id":1317,"section_id":458,"lang":"croatian","values":{"predefined_section":"1"},"created_at":"2023-09-07T13:12:32.000000Z","updated_at":"2023-09-07T13:12:32.000000Z"}]}