{"id":464,"type":{"default_type":false,"name":"Predefined Section","slug":"predefined-section","fields":[{"type":"sections","name":"predefined_section","label":"Choose predefined section"}],"template":"\/var\/www\/templates\/lagom2\/core\/cms\/sections\/config\/predefined-section\/predefined-section.tpl","cache":true},"page_id":141,"visibility":1,"theme":"default","order":14,"created_at":"2023-05-27T11:24:51.000000Z","updated_at":"2023-07-22T16:52:00.000000Z","lang":{"english":{"id":467,"translation":{"predefined_section":"9"}},"croatian":{"id":1325,"translation":{"predefined_section":"9"}}},"translations":[{"id":467,"section_id":464,"lang":"english","values":{"predefined_section":"9"},"created_at":"2023-05-27T11:24:51.000000Z","updated_at":"2023-05-27T11:24:51.000000Z"},{"id":1325,"section_id":464,"lang":"croatian","values":{"predefined_section":"9"},"created_at":"2023-09-07T13:12:32.000000Z","updated_at":"2023-09-07T13:12:32.000000Z"}]}