{"id":839,"type":{"default_type":false,"name":"Predefined Section","slug":"predefined-section","fields":[{"type":"sections","name":"predefined_section","label":"Choose predefined section"}],"template":"\/var\/www\/templates\/lagom2\/core\/cms\/sections\/config\/predefined-section\/predefined-section.tpl","cache":true},"page_id":220,"visibility":1,"theme":"default","order":2,"created_at":"2023-07-16T11:08:53.000000Z","updated_at":"2023-08-21T16:21:39.000000Z","lang":{"english":{"id":846,"translation":{"predefined_section":"16"}}},"translations":[{"id":846,"section_id":839,"lang":"english","values":{"predefined_section":"16"},"created_at":"2023-07-16T11:08:53.000000Z","updated_at":"2023-07-16T11:08:53.000000Z"}]}