{"id":852,"type":{"default_type":false,"name":"Predefined Section","slug":"predefined-section","fields":[{"type":"sections","name":"predefined_section","label":"Choose predefined section"}],"template":"\/var\/www\/templates\/lagom2\/core\/cms\/sections\/config\/predefined-section\/predefined-section.tpl","cache":true},"page_id":220,"visibility":1,"theme":"default","order":7,"created_at":"2023-07-16T12:55:25.000000Z","updated_at":"2023-08-21T16:18:52.000000Z","lang":{"english":{"id":859,"translation":{"predefined_section":"18"}}},"translations":[{"id":859,"section_id":852,"lang":"english","values":{"predefined_section":"18"},"created_at":"2023-07-16T12:55:25.000000Z","updated_at":"2023-07-16T12:55:25.000000Z"}]}