{"id":949,"type":{"default_type":false,"name":"Predefined Section","slug":"predefined-section","fields":[{"type":"sections","name":"predefined_section","label":"Choose predefined section"}],"template":"\/var\/www\/templates\/lagom2\/core\/cms\/sections\/config\/predefined-section\/predefined-section.tpl","cache":true},"page_id":220,"visibility":1,"theme":"default","order":3,"created_at":"2023-08-21T16:18:52.000000Z","updated_at":"2023-08-21T16:21:39.000000Z","lang":{"english":{"id":956,"translation":{"predefined_section":"21"}}},"translations":[{"id":956,"section_id":949,"lang":"english","values":{"predefined_section":"21"},"created_at":"2023-08-21T16:18:52.000000Z","updated_at":"2023-08-21T16:18:52.000000Z"}]}