{"id":254,"type":{"default_type":true,"name":"Legal","slug":"legal","fields":[{"type":"subsection","name":"subsection","label":"Section Description","collapse":false},{"type":"text-editor","name":"main_content","label":"Section Content","tooltip":"Create required section content using the advanced \"text editor\". Use its build in tools to format the code, or write your own HTML code.","tooltip_url":"https:\/\/lagom.rsstudio.net\/docs\/website-builder\/section-legal\/#section-description"},{"type":"subsection","name":"subsection","label":"Section Sidebar","collapse":false},{"type":"list","name":"sidebar","label":"Sidebar Items","icons":true,"sidebar":true,"tooltip":"The section sidebar is presented on the left-hand side of the legal pages, providing the ability to incorporate links leading to various other legal pages","tooltip_url":"https:\/\/lagom.rsstudio.net\/docs\/website-builder\/section-legal\/#section-sidebar"},{"type":"subsection","name":"subsection","label":"Advanced Section Settings","collapse":true},{"type":"text","name":"section_anchor","label":"Section anchor","placeholder":"Enter anchor...","tooltip":"Assign special names to section anchors. This makes it easy to guide people to specific parts of the page when you share links","tooltip_url":"https:\/\/lagom.rsstudio.net\/docs\/website-builder\/section-common-settings\/#section-anchor"},{"type":"text","name":"custom_class","label":"Section custom class","placeholder":"Enter class...","tooltip":"This setting allows you to assign custom classes to the section container. You can input your own CSS class here and then apply the necessary styling in the <b>theme-custom.css<\/b> file.","tooltip_url":"https:\/\/lagom.rsstudio.net\/docs\/website-builder\/section-common-settings\/#section-custom-class"}],"template":"\/var\/www\/templates\/lagom2\/core\/cms\/sections\/config\/legal\/legal.tpl","cache":true,"thumb":"thumb.png"},"page_id":157,"visibility":1,"theme":"default","order":2,"created_at":"2023-04-07T08:07:35.000000Z","updated_at":"2023-04-07T08:07:35.000000Z","lang":{"english":{"id":257,"translation":{"main_content":"&lt;section id=&quot;section-1&quot;&gt;\r\n  &lt;h2 class=&quot;h3&quot;&gt;1. Information We Collect&lt;\/h2&gt;\r\n  &lt;p&gt;We collect various types of information to provide and improve our website hosting services. This includes personal information such as your name, email address, and payment details when you sign up for our services. Additionally, we collect technical information like IP addresses, browser types, and device information to enhance your experience and troubleshoot issues.&lt;\/p&gt;\r\n&lt;\/section&gt;\r\n&lt;section id=&quot;section-2&quot;&gt;\r\n  &lt;h2 class=&quot;h3&quot;&gt;2. How We Use Collected Information&lt;\/h2&gt;\r\n  &lt;p&gt;We use the collected information to deliver, maintain, and enhance our hosting services. Your personal information is used for account setup, billing, and communication purposes. We may also use aggregated and anonymized data for analytics to improve our services. We do not sell or share your personal information with third parties for marketing purposes without your explicit consent.&lt;\/p&gt;\r\n&lt;\/section&gt;\r\n&lt;section id=&quot;section-3&quot;&gt;\r\n  &lt;h2 class=&quot;h3&quot;&gt;3. Data Security&lt;\/h2&gt;\r\n  &lt;p&gt;We take data security seriously. We implement industry-standard security measures to protect your information from unauthorized access, alteration, disclosure, or destruction. However, no online service is completely secure, and you acknowledge the inherent risks associated with transmitting information over the internet. In case of a data breach, we will promptly notify affected users and take appropriate actions.&lt;\/p&gt;\r\n&lt;\/section&gt;\r\n&lt;section id=&quot;section-4&quot;&gt;\r\n  &lt;h2 class=&quot;h3&quot;&gt;4. Cookies and Tracking Technologies&lt;\/h2&gt;\r\n  &lt;p&gt;We use cookies and similar tracking technologies to enhance your browsing experience and understand how you interact with our website. Cookies are small text files that are stored on your device. You can control cookie preferences through your browser settings. By using our services, you consent to the use of cookies and tracking technologies as described in our &lt;a href=&quot;#section-5&quot;&gt;Cookie Policy&lt;\/a&gt;.&lt;\/p&gt;\r\n&lt;\/section&gt;\r\n&lt;section id=&quot;section-5&quot;&gt;\r\n  &lt;h2 class=&quot;h3&quot;&gt;5. Third-Party Links&lt;\/h2&gt;\r\n  &lt;p&gt;Our website may contain links to third-party websites or services. We are not responsible for the privacy practices or content of these third parties. We encourage you to review the privacy policies of any third-party websites you visit. This Privacy Policy only applies to information collected by our website.&lt;\/p&gt;\r\n&lt;\/section&gt;\r\n&lt;section id=&quot;section-6&quot;&gt;\r\n  &lt;h2v&gt;6. Your Rights\r\n  &lt;p&gt;You have the right to access, correct, update, or delete your personal information. You can manage your account settings and preferences through our platform. If you have any concerns about your privacy or data usage, you can contact us using the information provided in &lt;a href=&quot;#section-7&quot;&gt;Section 7&lt;\/a&gt;. We will respond to your requests within a reasonable timeframe.&lt;\/p&gt;\r\n&lt;\/h2v&gt;&lt;\/section&gt;\r\n&lt;section id=&quot;section-7&quot;&gt;\r\n  &lt;h2 class=&quot;h3&quot;&gt;7. Changes to This Privacy Policy&lt;\/h2&gt;\r\n  &lt;p&gt;We may update this Privacy Policy to reflect changes in our practices or for legal, operational, or regulatory reasons. We will notify you of any significant changes by posting a prominent notice on our website or by sending you an email. You are advised to review this Privacy Policy periodically to stay informed about how we collect, use, and protect your information.&lt;\/p&gt;\r\n&lt;\/section&gt;\r\n&lt;footer&gt;\r\n  &lt;p&gt;If you have any questions or concerns about this Privacy Policy, please contact us at &lt;a href=&quot;mailto:privacy@example.com&quot;&gt;privacy@example.com&lt;\/a&gt;.&lt;\/p&gt;\r\n&lt;\/footer&gt;","sidebar":[{"index":"1","position":"1","custom_classes":"","show_icon":"0","link_text":"Terms of Services","link_type":"whmcs-page","show_link":"0","whmcs_page":"legal\/terms-of-services","url":"legal\/terms-of-services","target_blank":"0"},{"index":"2","position":"2","custom_classes":"active","show_icon":"0","link_text":"Privacy Policy","link_type":"whmcs-page","show_link":"0","whmcs_page":"legal\/privacy-policy","url":"legal\/privacy-policy","target_blank":"0"},{"index":"3","position":"3","custom_classes":"","show_icon":"0","link_text":"Acceptable Use Policy","link_type":"whmcs-page","show_link":"0","whmcs_page":"legal\/acceptable-use-policy","url":"legal\/acceptable-use-policy","target_blank":"0"},{"title":"","description":"","index":"4","position":"4","link_type":"whmcs-page","show_icon":"0","show_link":"0","sidebar_type":"1","target_blank":"0","link_text":"Domain Reg. Agreement","custom_url":null,"whmcs_page":"legal\/domain-registration-greement","url":"legal\/domain-registration-greement","custom_classes":"","show_stats":"0","stat":""}],"section_anchor":"","custom_class":""}}},"translations":[{"id":257,"section_id":254,"lang":"english","values":{"main_content":"&lt;section id=&quot;section-1&quot;&gt;\r\n  &lt;h2 class=&quot;h3&quot;&gt;1. Information We Collect&lt;\/h2&gt;\r\n  &lt;p&gt;We collect various types of information to provide and improve our website hosting services. This includes personal information such as your name, email address, and payment details when you sign up for our services. Additionally, we collect technical information like IP addresses, browser types, and device information to enhance your experience and troubleshoot issues.&lt;\/p&gt;\r\n&lt;\/section&gt;\r\n&lt;section id=&quot;section-2&quot;&gt;\r\n  &lt;h2 class=&quot;h3&quot;&gt;2. How We Use Collected Information&lt;\/h2&gt;\r\n  &lt;p&gt;We use the collected information to deliver, maintain, and enhance our hosting services. Your personal information is used for account setup, billing, and communication purposes. We may also use aggregated and anonymized data for analytics to improve our services. We do not sell or share your personal information with third parties for marketing purposes without your explicit consent.&lt;\/p&gt;\r\n&lt;\/section&gt;\r\n&lt;section id=&quot;section-3&quot;&gt;\r\n  &lt;h2 class=&quot;h3&quot;&gt;3. Data Security&lt;\/h2&gt;\r\n  &lt;p&gt;We take data security seriously. We implement industry-standard security measures to protect your information from unauthorized access, alteration, disclosure, or destruction. However, no online service is completely secure, and you acknowledge the inherent risks associated with transmitting information over the internet. In case of a data breach, we will promptly notify affected users and take appropriate actions.&lt;\/p&gt;\r\n&lt;\/section&gt;\r\n&lt;section id=&quot;section-4&quot;&gt;\r\n  &lt;h2 class=&quot;h3&quot;&gt;4. Cookies and Tracking Technologies&lt;\/h2&gt;\r\n  &lt;p&gt;We use cookies and similar tracking technologies to enhance your browsing experience and understand how you interact with our website. Cookies are small text files that are stored on your device. You can control cookie preferences through your browser settings. By using our services, you consent to the use of cookies and tracking technologies as described in our &lt;a href=&quot;#section-5&quot;&gt;Cookie Policy&lt;\/a&gt;.&lt;\/p&gt;\r\n&lt;\/section&gt;\r\n&lt;section id=&quot;section-5&quot;&gt;\r\n  &lt;h2 class=&quot;h3&quot;&gt;5. Third-Party Links&lt;\/h2&gt;\r\n  &lt;p&gt;Our website may contain links to third-party websites or services. We are not responsible for the privacy practices or content of these third parties. We encourage you to review the privacy policies of any third-party websites you visit. This Privacy Policy only applies to information collected by our website.&lt;\/p&gt;\r\n&lt;\/section&gt;\r\n&lt;section id=&quot;section-6&quot;&gt;\r\n  &lt;h2v&gt;6. Your Rights\r\n  &lt;p&gt;You have the right to access, correct, update, or delete your personal information. You can manage your account settings and preferences through our platform. If you have any concerns about your privacy or data usage, you can contact us using the information provided in &lt;a href=&quot;#section-7&quot;&gt;Section 7&lt;\/a&gt;. We will respond to your requests within a reasonable timeframe.&lt;\/p&gt;\r\n&lt;\/h2v&gt;&lt;\/section&gt;\r\n&lt;section id=&quot;section-7&quot;&gt;\r\n  &lt;h2 class=&quot;h3&quot;&gt;7. Changes to This Privacy Policy&lt;\/h2&gt;\r\n  &lt;p&gt;We may update this Privacy Policy to reflect changes in our practices or for legal, operational, or regulatory reasons. We will notify you of any significant changes by posting a prominent notice on our website or by sending you an email. You are advised to review this Privacy Policy periodically to stay informed about how we collect, use, and protect your information.&lt;\/p&gt;\r\n&lt;\/section&gt;\r\n&lt;footer&gt;\r\n  &lt;p&gt;If you have any questions or concerns about this Privacy Policy, please contact us at &lt;a href=&quot;mailto:privacy@example.com&quot;&gt;privacy@example.com&lt;\/a&gt;.&lt;\/p&gt;\r\n&lt;\/footer&gt;","sidebar":[{"index":"1","position":"1","custom_classes":"","show_icon":"0","link_text":"Terms of Services","link_type":"whmcs-page","show_link":"0","whmcs_page":"legal\/terms-of-services","url":"legal\/terms-of-services","target_blank":"0"},{"index":"2","position":"2","custom_classes":"active","show_icon":"0","link_text":"Privacy Policy","link_type":"whmcs-page","show_link":"0","whmcs_page":"legal\/privacy-policy","url":"legal\/privacy-policy","target_blank":"0"},{"index":"3","position":"3","custom_classes":"","show_icon":"0","link_text":"Acceptable Use Policy","link_type":"whmcs-page","show_link":"0","whmcs_page":"legal\/acceptable-use-policy","url":"legal\/acceptable-use-policy","target_blank":"0"},{"title":"","description":"","index":"4","position":"4","link_type":"whmcs-page","show_icon":"0","show_link":"0","sidebar_type":"1","target_blank":"0","link_text":"Domain Reg. Agreement","custom_url":null,"whmcs_page":"legal\/domain-registration-greement","url":"\/legal\/domain-registration-greement","custom_classes":"","show_stats":"0","stat":""}],"section_anchor":"","custom_class":""},"created_at":"2023-04-07T08:07:35.000000Z","updated_at":"2023-08-30T16:11:36.000000Z"}]}