{"id":1132,"type":{"default_type":false,"name":"Predefined Section","slug":"predefined-section","fields":[{"type":"sections","name":"predefined_section","label":"Choose predefined section"}],"template":"\/var\/www\/templates\/lagom2\/core\/cms\/sections\/config\/predefined-section\/predefined-section.tpl","cache":true},"page_id":188,"visibility":1,"theme":"default","order":9,"created_at":"2023-08-27T12:10:28.000000Z","updated_at":"2023-08-31T11:32:45.000000Z","lang":{"english":{"id":1139,"translation":{"predefined_section":"23"}}},"translations":[{"id":1139,"section_id":1132,"lang":"english","values":{"predefined_section":"23"},"created_at":"2023-08-27T12:10:28.000000Z","updated_at":"2023-08-31T07:11:45.000000Z"}]}