{"id":1131,"type":{"default_type":false,"name":"Predefined Section","slug":"predefined-section","fields":[{"type":"sections","name":"predefined_section","label":"Choose predefined section"}],"template":"\/var\/www\/templates\/lagom2\/core\/cms\/sections\/config\/predefined-section\/predefined-section.tpl","cache":true},"page_id":188,"visibility":1,"theme":"default","order":11,"created_at":"2023-08-27T12:04:50.000000Z","updated_at":"2023-08-31T11:32:45.000000Z","lang":{"english":{"id":1138,"translation":{"predefined_section":"9"}}},"translations":[{"id":1138,"section_id":1131,"lang":"english","values":{"predefined_section":"9"},"created_at":"2023-08-27T12:04:50.000000Z","updated_at":"2023-08-27T12:04:50.000000Z"}]}