{"id":1130,"type":{"default_type":true,"name":"FAQ","slug":"faq","fields":[{"type":"subsection","name":"subsection","label":"Section Description","collapse":false},{"type":"text","name":"caption","label":"Caption","placeholder":"Enter caption...","tooltip":"Provide a brief section caption to appear above the main title in a smaller font. You can skip this if you don`t wish to display this element.","tooltip_url":"https:\/\/lagom.rsstudio.net\/docs\/website-builder\/section-faq\/#section-description"},{"type":"text","name":"title","label":"Title","placeholder":"Enter title...","tooltip":"Elevate page clarity and visual hierarchy using section titles. Optionally skip for not displaying this element.","tooltip_url":"https:\/\/lagom.rsstudio.net\/docs\/website-builder\/section-faq\/#section-description"},{"type":"text-editor","name":"subtitle","label":"Subtitle","placeholder":"Enter subtitle...","tooltip":"Add concise text to clarify section content, enhancing context and user understanding. You can skip this if you don`t wish to display this element.","tooltip_url":"https:\/\/lagom.rsstudio.net\/docs\/website-builder\/section-faq\/#section-description"},{"type":"subsection","name":"subsection","label":"FAQ List","collapse":false},{"type":"group-input","name":"list_group","label":"Group section content","grouped":false,"group_forced":false,"fields":[{"type":"list","name":"list","label":"FAQ items","icons":false,"link":false,"tooltip":"Lorem Ipsum <a href=\"#\">Learn More<\/a>"}],"tooltip":"The \"Group section content\" function enables you to create multiple item groups that will be displayed on the frontend as distinct tabs.","tooltip_url":"https:\/\/lagom.rsstudio.net\/docs\/website-builder\/section-faq\/#group-section","group_section":"faq"},{"type":"subsection","name":"subsection","label":"FAQ Settings","collapse":false},{"type":"select","name":"list_type","label":"FAQ Type","container_class":"col-sm-6","options":[{"name":"Type 1 - Accordion","value":"accordion"},{"name":"Type 2 - Expanded list with fully visible title and description","value":"expanded"}],"tooltip":"Select the display type for the list of FAQ items.","tooltip_url":"https:\/\/lagom.rsstudio.net\/docs\/website-builder\/section-faq\/#faq-settings"},{"type":"select","name":"list_style","label":"FAQ item style","container_class":"col-sm-6","options":[{"name":"Default","value":"default"},{"name":"Divided","value":"divided"},{"name":"Boxed","value":"boxed"}],"tooltip":"Select the display style for the list of FAQ items.","tooltip_url":"https:\/\/lagom.rsstudio.net\/docs\/website-builder\/section-faq\/#faq-settings"},{"type":"subsection","name":"subsection","label":"Advanced Section Settings","collapse":true},{"type":"checkbox","name":"combined","label":"Combine this section with section below","attributes":[{"name":"uncheck-switcher","value":["overlay"]}],"tooltip":"Eliminate bottom padding and borders from this section, allowing the fusion of these two sections. It`s recommended to apply identical \"Section Style\" in the \"Section Panel\" for seamless integration.","tooltip_url":"https:\/\/lagom.rsstudio.net\/docs\/website-builder\/section-common-settings\/#combine-sections"},{"type":"checkbox","name":"overlay","label":"Overlay section below on this section","attributes":[{"name":"uncheck-switcher","value":["combined"]}],"tooltip":"This configuration pulls the section below over the currently managed section while adding an extra 200px padding at the bottom. You can adjust the pixel value by customizing the <b>--cms-section-overlay-margin<\/b> CSS variable through custom CSS rules.","tooltip_url":"https:\/\/lagom.rsstudio.net\/docs\/website-builder\/section-common-settings\/#overlay-sections"},{"type":"text","name":"section_anchor","label":"Section anchor","placeholder":"Enter anchor...","tooltip":"Assign special names to section anchors. This makes it easy to guide people to specific parts of the page when you share links","tooltip_url":"https:\/\/lagom.rsstudio.net\/docs\/website-builder\/section-common-settings\/#overlay-sections"},{"type":"text","name":"custom_class","label":"Section custom class","placeholder":"Enter class...","tooltip":"This setting allows you to assign custom classes to the section container. You can input your own CSS class here and then apply the necessary styling in the <b>theme-custom.css<\/b> file.","tooltip_url":"https:\/\/lagom.rsstudio.net\/docs\/website-builder\/section-common-settings\/#overlay-sections"}],"template":"\/var\/www\/templates\/lagom2\/core\/cms\/sections\/config\/faq\/faq.tpl","cache":true,"thumb":"thumb.png"},"page_id":188,"visibility":1,"theme":"default","order":10,"created_at":"2023-08-27T12:04:50.000000Z","updated_at":"2023-08-31T11:32:45.000000Z","lang":{"english":{"id":1137,"translation":{"caption":"","title":"Frequently Asked Questions","subtitle":"","list_group":{"grouped":"0","group_forced":"0","groups":{"1":{"group_index":"1","group_name":"","group_order":"1","fields":{"list":[{"index":"1","position":"1","title":"What is SEO?","description":"<p>SEO is an acronym for Search Engine Optimization. It is an essential online marketing strategy dedicated to driving prospective customers to your website. Its goal is to optimize a website to gain top positions for selected keywords on search engines. This goal is achieved by strategically employing measures to improve the website's technical setup and contents and obtaining backlinks from other domains.<\/p><p>SEO is divided into three general categories:<\/p><ol><li>Keywords and rankings<\/li><li>On-page SEO<\/li><li>Off-page SEO<\/li><\/ol><p>SEO specialists apply measures to meet the search engine's ranking factors for each category. Search engines use ranking factors to determine the position in which it lists a website in search results.<\/p>","custom_classes":"","show_icon":"0","link_text":"","link_type":"custom-url","show_link":"0","custom_url":"","target_blank":"0","stat":"","url":""},{"index":"2","position":"2","title":"Why do I need SEO?","description":"<p>Every day, millions of people use search engines to find information or services from all aspects of life: Recipes, guides, products, flights, navigation, tickets, entertainment, and more. Most people navigate the web using search engines to find answers to their questions and solutions to their challenges.<\/p><p>A study shows that 68% of the web's traffic comes from search engines. 53% of this traffic has its origins in organic search\u2014search results that are not ads (paid search) and can be improved through SEO.<\/p><p>In other words, organic search (SEO) and paid search (SEA, ads in search results) make up the lion's share of traffic on the web.<\/p><p>Even where we go offline is significantly influenced by search engines: We use Google and Apple Maps and local search results to find places and nearby services like hairdressers, supermarkets, restaurants, and doctors. We choose our destination based on online reviews. And we instruct search engine-based services to guide us there, be it by car, public transportation, or on foot.<\/p><p>Now, imagine if your business, products, and services are not listed in search results. Imagine people can't find you online to buy your products or find their way to your brick-and-mortar business. Instead, they will most likely choose your competition.<\/p>","custom_classes":"","show_icon":"0","link_text":"","link_type":"custom-url","show_link":"0","custom_url":"","target_blank":"0","stat":"","url":""},{"index":"3","position":"3","title":"What SEO do for me?","description":"<p>With the help of SEO, users can find your business, products, and services online\u2014and buy them. As mentioned, that means that people can find you online and much easier offline, too.<\/p><p>SEO maximizes your chances to be listed in top positions for keywords crucial to your business. The better your position, the more people will find their way to your website\u2014preferably on the first page (or top ten) of search results.<\/p><p>Why Page One?<\/p><p>Good question. Studies have shown that 31.7% of users click on the first organic search result (position one); a whopping 75.1% of all clicks go to the top three search results. After that, the number of clicks shrinks rapidly with every following position.<\/p><p>This behavior shows that users rarely look at page two or lower results, let alone click on any of them.<\/p><p>That's why businesses need to be present on the first page of search results, at least for relevant keywords.<\/p><p>In short: It's crucial for freelancers and business owners to<\/p><ol><li>Own a website or any kind of online presence, even if they offer their products or services offline<\/li><li>Perform SEO to make sure they rank on page one for relevant keywords<\/li><\/ol>","custom_classes":"","show_icon":"0","link_text":"","link_type":"custom-url","show_link":"0","custom_url":"","target_blank":"0","stat":"","url":""},{"index":"4","position":"4","title":"What Is keyword optimization?","description":"&lt;div&gt;So we know that relevance is a crucial factor for a top position in search results. To create relevant content, you want to deal with the topics and questions around a keyword on an individual subpage or URL. Then, make sure your keyword appears in crucial spots on your page.&lt;\/div&gt;&lt;div&gt;&lt;br&gt;&lt;\/div&gt;&lt;div&gt;Let&#039;s say you are in the ice cream business. One of your keywords is s&#039;mores ice cream sandwich. Now you focus on everything that has to do with a s&#039;mores ice cream sandwich.&lt;\/div&gt;&lt;div&gt;&lt;br&gt;&lt;\/div&gt;&lt;div&gt;What you want to do is create a recipe page for a s&#039;mores ice cream sandwich where users find an easy-to-follow recipe, pictures or videos, and answers to questions they might have. S&#039;mores ice cream sandwich is your focus keyword that should appear in your page&#039;s URL, title, headlines, and more.&lt;\/div&gt;&lt;div&gt;&lt;br&gt;&lt;\/div&gt;&lt;div&gt;Providing a dedicated and keyword-optimized page makes it easy for search engines\u2014and users, too\u2014to determine what your page is all about. That way, they can list it in good positions in related search results.&lt;\/div&gt;","custom_classes":"","show_icon":"0","link_text":"","link_type":"custom-url","show_link":"0","custom_url":"","target_blank":"0","url":""},{"index":"5","position":"5","title":"What is project visibility?","description":"&lt;div&gt;Maybe you already stopped to think, \u201cWait, but I don&#039;t care about my visibility for keywords that have nothing to do with my business.\u201d And you are right. While Visibility is a great score to get an idea of your overall performance and compare websites in general, it&#039;s not tailored to your specific keyword set.&lt;\/div&gt;&lt;div&gt;&lt;br&gt;&lt;\/div&gt;&lt;div&gt;That&#039;s why we provide Project Visibility. This metric is calculated the same way as Visibility, but instead of using 500,000 cross-industry keywords, Project Visibility is exclusively based on keywords in your Rank Tracker.&lt;\/div&gt;&lt;div&gt;&lt;br&gt;&lt;\/div&gt;&lt;div&gt;In other words, Project Visibility is a custom visibility score for the unique set of keywords relevant to your business.&lt;\/div&gt;&lt;div&gt;&lt;br&gt;&lt;\/div&gt;&lt;div&gt;You&#039;ll find Project Visibility here: Projects \u2192 Rank Tracker \u2192 Visibility.&lt;\/div&gt;&lt;div&gt;&lt;br&gt;&lt;\/div&gt;&lt;div&gt;As you might already know, you can also track your competitors&#039; rankings in your Rank Tracker. That way, you&#039;ll get Project Visibility for them, too, allowing for a much more realistic comparison. So, even if they have a slightly different product or service portfolio, Project Visibility accounts exclusively for keywords you actually share.&lt;\/div&gt;","custom_classes":"","show_icon":"0","link_text":"","link_type":"custom-url","show_link":"0","custom_url":"","target_blank":"0","url":""}]}}},"new_group_index":2},"list_type":"accordion","list_style":"boxed","combined":"0","overlay":"0","section_anchor":"","custom_class":""}}},"translations":[{"id":1137,"section_id":1130,"lang":"english","values":{"caption":"","title":"Frequently Asked Questions","subtitle":"","list_group":{"group_forced":"0","grouped":"0","groups":{"1":{"group_name":"","group_order":"1","group_index":"1","fields":{"list":[{"index":"1","position":"1","title":"What is SEO?","description":"<p>SEO is an acronym for Search Engine Optimization. It is an essential online marketing strategy dedicated to driving prospective customers to your website. Its goal is to optimize a website to gain top positions for selected keywords on search engines. This goal is achieved by strategically employing measures to improve the website's technical setup and contents and obtaining backlinks from other domains.<\/p><p>SEO is divided into three general categories:<\/p><ol><li>Keywords and rankings<\/li><li>On-page SEO<\/li><li>Off-page SEO<\/li><\/ol><p>SEO specialists apply measures to meet the search engine's ranking factors for each category. Search engines use ranking factors to determine the position in which it lists a website in search results.<\/p>","custom_classes":"","show_icon":"0","link_text":"","link_type":"custom-url","show_link":"0","custom_url":"","target_blank":"0","stat":""},{"index":"2","position":"2","title":"Why do I need SEO?","description":"<p>Every day, millions of people use search engines to find information or services from all aspects of life: Recipes, guides, products, flights, navigation, tickets, entertainment, and more. Most people navigate the web using search engines to find answers to their questions and solutions to their challenges.<\/p><p>A study shows that 68% of the web's traffic comes from search engines. 53% of this traffic has its origins in organic search\u2014search results that are not ads (paid search) and can be improved through SEO.<\/p><p>In other words, organic search (SEO) and paid search (SEA, ads in search results) make up the lion's share of traffic on the web.<\/p><p>Even where we go offline is significantly influenced by search engines: We use Google and Apple Maps and local search results to find places and nearby services like hairdressers, supermarkets, restaurants, and doctors. We choose our destination based on online reviews. And we instruct search engine-based services to guide us there, be it by car, public transportation, or on foot.<\/p><p>Now, imagine if your business, products, and services are not listed in search results. Imagine people can't find you online to buy your products or find their way to your brick-and-mortar business. Instead, they will most likely choose your competition.<\/p>","custom_classes":"","show_icon":"0","link_text":"","link_type":"custom-url","show_link":"0","custom_url":"","target_blank":"0","stat":""},{"index":"3","position":"3","title":"What SEO do for me?","description":"<p>With the help of SEO, users can find your business, products, and services online\u2014and buy them. As mentioned, that means that people can find you online and much easier offline, too.<\/p><p>SEO maximizes your chances to be listed in top positions for keywords crucial to your business. The better your position, the more people will find their way to your website\u2014preferably on the first page (or top ten) of search results.<\/p><p>Why Page One?<\/p><p>Good question. Studies have shown that 31.7% of users click on the first organic search result (position one); a whopping 75.1% of all clicks go to the top three search results. After that, the number of clicks shrinks rapidly with every following position.<\/p><p>This behavior shows that users rarely look at page two or lower results, let alone click on any of them.<\/p><p>That's why businesses need to be present on the first page of search results, at least for relevant keywords.<\/p><p>In short: It's crucial for freelancers and business owners to<\/p><ol><li>Own a website or any kind of online presence, even if they offer their products or services offline<\/li><li>Perform SEO to make sure they rank on page one for relevant keywords<\/li><\/ol>","custom_classes":"","show_icon":"0","link_text":"","link_type":"custom-url","show_link":"0","custom_url":"","target_blank":"0","stat":""},{"index":"4","position":"4","title":"What Is keyword optimization?","description":"&lt;div&gt;So we know that relevance is a crucial factor for a top position in search results. To create relevant content, you want to deal with the topics and questions around a keyword on an individual subpage or URL. Then, make sure your keyword appears in crucial spots on your page.&lt;\/div&gt;&lt;div&gt;&lt;br&gt;&lt;\/div&gt;&lt;div&gt;Let&#039;s say you are in the ice cream business. One of your keywords is s&#039;mores ice cream sandwich. Now you focus on everything that has to do with a s&#039;mores ice cream sandwich.&lt;\/div&gt;&lt;div&gt;&lt;br&gt;&lt;\/div&gt;&lt;div&gt;What you want to do is create a recipe page for a s&#039;mores ice cream sandwich where users find an easy-to-follow recipe, pictures or videos, and answers to questions they might have. S&#039;mores ice cream sandwich is your focus keyword that should appear in your page&#039;s URL, title, headlines, and more.&lt;\/div&gt;&lt;div&gt;&lt;br&gt;&lt;\/div&gt;&lt;div&gt;Providing a dedicated and keyword-optimized page makes it easy for search engines\u2014and users, too\u2014to determine what your page is all about. That way, they can list it in good positions in related search results.&lt;\/div&gt;","custom_classes":"","show_icon":"0","link_text":"","link_type":"custom-url","show_link":"0","custom_url":"","target_blank":"0"},{"index":"5","position":"5","title":"What is project visibility?","description":"&lt;div&gt;Maybe you already stopped to think, \u201cWait, but I don&#039;t care about my visibility for keywords that have nothing to do with my business.\u201d And you are right. While Visibility is a great score to get an idea of your overall performance and compare websites in general, it&#039;s not tailored to your specific keyword set.&lt;\/div&gt;&lt;div&gt;&lt;br&gt;&lt;\/div&gt;&lt;div&gt;That&#039;s why we provide Project Visibility. This metric is calculated the same way as Visibility, but instead of using 500,000 cross-industry keywords, Project Visibility is exclusively based on keywords in your Rank Tracker.&lt;\/div&gt;&lt;div&gt;&lt;br&gt;&lt;\/div&gt;&lt;div&gt;In other words, Project Visibility is a custom visibility score for the unique set of keywords relevant to your business.&lt;\/div&gt;&lt;div&gt;&lt;br&gt;&lt;\/div&gt;&lt;div&gt;You&#039;ll find Project Visibility here: Projects \u2192 Rank Tracker \u2192 Visibility.&lt;\/div&gt;&lt;div&gt;&lt;br&gt;&lt;\/div&gt;&lt;div&gt;As you might already know, you can also track your competitors&#039; rankings in your Rank Tracker. That way, you&#039;ll get Project Visibility for them, too, allowing for a much more realistic comparison. So, even if they have a slightly different product or service portfolio, Project Visibility accounts exclusively for keywords you actually share.&lt;\/div&gt;","custom_classes":"","show_icon":"0","link_text":"","link_type":"custom-url","show_link":"0","custom_url":"","target_blank":"0"}]}}}},"list_type":"accordion","list_style":"boxed","combined":"0","overlay":"0","section_anchor":"","custom_class":""},"created_at":"2023-08-27T12:04:50.000000Z","updated_at":"2023-08-27T14:00:47.000000Z"}]}