{"id":623,"type":{"default_type":false,"name":"Predefined Section","slug":"predefined-section","fields":[{"type":"sections","name":"predefined_section","label":"Choose predefined section"}],"template":"\/var\/www\/templates\/lagom2\/core\/cms\/sections\/config\/predefined-section\/predefined-section.tpl","cache":true},"page_id":173,"visibility":1,"theme":"default","order":10,"created_at":"2023-06-23T11:44:01.000000Z","updated_at":"2023-08-31T06:56:26.000000Z","lang":{"english":{"id":626,"translation":{"predefined_section":"9"}}},"translations":[{"id":626,"section_id":623,"lang":"english","values":{"predefined_section":"9"},"created_at":"2023-06-23T11:44:01.000000Z","updated_at":"2023-06-23T11:44:01.000000Z"}]}