{"id":622,"type":{"default_type":true,"name":"FAQ","slug":"faq","fields":[{"type":"subsection","name":"subsection","label":"Section Description","collapse":false},{"type":"text","name":"caption","label":"Caption","placeholder":"Enter caption...","tooltip":"Provide a brief section caption to appear above the main title in a smaller font. You can skip this if you don`t wish to display this element.","tooltip_url":"https:\/\/lagom.rsstudio.net\/docs\/website-builder\/section-faq\/#section-description"},{"type":"text","name":"title","label":"Title","placeholder":"Enter title...","tooltip":"Elevate page clarity and visual hierarchy using section titles. Optionally skip for not displaying this element.","tooltip_url":"https:\/\/lagom.rsstudio.net\/docs\/website-builder\/section-faq\/#section-description"},{"type":"text-editor","name":"subtitle","label":"Subtitle","placeholder":"Enter subtitle...","tooltip":"Add concise text to clarify section content, enhancing context and user understanding. You can skip this if you don`t wish to display this element.","tooltip_url":"https:\/\/lagom.rsstudio.net\/docs\/website-builder\/section-faq\/#section-description"},{"type":"subsection","name":"subsection","label":"FAQ List","collapse":false},{"type":"group-input","name":"list_group","label":"Group section content","grouped":false,"group_forced":false,"fields":[{"type":"list","name":"list","label":"FAQ items","icons":false,"link":false,"tooltip":"Lorem Ipsum <a href=\"#\">Learn More<\/a>"}],"tooltip":"The \"Group section content\" function enables you to create multiple item groups that will be displayed on the frontend as distinct tabs.","tooltip_url":"https:\/\/lagom.rsstudio.net\/docs\/website-builder\/section-faq\/#group-section","group_section":"faq"},{"type":"subsection","name":"subsection","label":"FAQ Settings","collapse":false},{"type":"select","name":"list_type","label":"FAQ Type","container_class":"col-sm-6","options":[{"name":"Type 1 - Accordion","value":"accordion"},{"name":"Type 2 - Expanded list with fully visible title and description","value":"expanded"}],"tooltip":"Select the display type for the list of FAQ items.","tooltip_url":"https:\/\/lagom.rsstudio.net\/docs\/website-builder\/section-faq\/#faq-settings"},{"type":"select","name":"list_style","label":"FAQ item style","container_class":"col-sm-6","options":[{"name":"Default","value":"default"},{"name":"Divided","value":"divided"},{"name":"Boxed","value":"boxed"}],"tooltip":"Select the display style for the list of FAQ items.","tooltip_url":"https:\/\/lagom.rsstudio.net\/docs\/website-builder\/section-faq\/#faq-settings"},{"type":"subsection","name":"subsection","label":"Advanced Section Settings","collapse":true},{"type":"checkbox","name":"combined","label":"Combine this section with section below","attributes":[{"name":"uncheck-switcher","value":["overlay"]}],"tooltip":"Eliminate bottom padding and borders from this section, allowing the fusion of these two sections. It`s recommended to apply identical \"Section Style\" in the \"Section Panel\" for seamless integration.","tooltip_url":"https:\/\/lagom.rsstudio.net\/docs\/website-builder\/section-common-settings\/#combine-sections"},{"type":"checkbox","name":"overlay","label":"Overlay section below on this section","attributes":[{"name":"uncheck-switcher","value":["combined"]}],"tooltip":"This configuration pulls the section below over the currently managed section while adding an extra 200px padding at the bottom. You can adjust the pixel value by customizing the <b>--cms-section-overlay-margin<\/b> CSS variable through custom CSS rules.","tooltip_url":"https:\/\/lagom.rsstudio.net\/docs\/website-builder\/section-common-settings\/#overlay-sections"},{"type":"text","name":"section_anchor","label":"Section anchor","placeholder":"Enter anchor...","tooltip":"Assign special names to section anchors. This makes it easy to guide people to specific parts of the page when you share links","tooltip_url":"https:\/\/lagom.rsstudio.net\/docs\/website-builder\/section-common-settings\/#overlay-sections"},{"type":"text","name":"custom_class","label":"Section custom class","placeholder":"Enter class...","tooltip":"This setting allows you to assign custom classes to the section container. You can input your own CSS class here and then apply the necessary styling in the <b>theme-custom.css<\/b> file.","tooltip_url":"https:\/\/lagom.rsstudio.net\/docs\/website-builder\/section-common-settings\/#overlay-sections"}],"template":"\/var\/www\/templates\/lagom2\/core\/cms\/sections\/config\/faq\/faq.tpl","cache":true,"thumb":"thumb.png"},"page_id":173,"visibility":1,"theme":"default","order":9,"created_at":"2023-06-23T11:44:01.000000Z","updated_at":"2023-08-31T06:56:26.000000Z","lang":{"english":{"id":625,"translation":{"caption":"","title":"Frequently asked questions","subtitle":"","list_group":{"grouped":"0","group_forced":"0","groups":{"1":{"group_index":"1","group_name":"","group_order":"1","fields":{"list":[{"index":"1","position":"1","title":"What is SiteLock?","description":"<div>SiteLock provides simple, fast and affordable website security to websites of all sizes. Founded in 2008, the company protects over 12 million websites worldwide. The SiteLock cloud-based suite of products offers automated website vulnerability detection and malware removal, DDoS protection, website acceleration, website risk assessments, and PCI compliance.<\/div><div><br><\/div><div>To learn more about SiteLock, watch the 'How SiteLock Works' video by clicking here<\/div>","custom_classes":"","show_icon":"0","link_text":"","link_type":"custom-url","show_link":"0","custom_url":"","target_blank":"0","url":""},{"index":"2","position":"2","title":"What are vulnerabilities and malware?","description":"<div>A <b>website vulnerability<\/b> is a weakness or misconfiguration in a website or web application code that allows an attacker to gain some level of control of the site, and possibly the hosting server. Most vulnerabilities are exploited through automated means, such as vulnerability scanners and botnets.<\/div><div><br><\/div><div><b>Malware<\/b>, short for malicious software, is used to gather sensitive data, gain unauthorized access to websites and even hijack computers.<\/div>","custom_classes":"","show_icon":"0","link_text":"","link_type":"custom-url","show_link":"0","custom_url":"","target_blank":"0","url":""},{"index":"3","position":"3","title":"Will SiteLock impact website performance?","description":"<b>No<\/b>. During a website scan, SiteLock downloads the relevant files to a secure server and performs scans there. There is no impact to the website content, code, bandwidth or server resources on the website.","custom_classes":"","show_icon":"0","link_text":"","link_type":"custom-url","show_link":"0","custom_url":"","target_blank":"0","url":""},{"index":"4","position":"4","title":"What is the SiteLock Trust Seal?","description":"The SiteLock Trust Seal is a widely-recognized security badge you can display on your website. It is a clear indication that your website is secure and malware-free. To add the seal to your website, simply include the code snippet that SiteLock provides in the footer area of your website.","custom_classes":"","show_icon":"0","link_text":"","link_type":"custom-url","show_link":"0","custom_url":"","target_blank":"0","url":""}]}}},"new_group_index":2},"list_type":"accordion","list_style":"boxed","combined":"0","overlay":"0","section_anchor":"","custom_class":""}}},"translations":[{"id":625,"section_id":622,"lang":"english","values":{"caption":"","title":"Frequently asked questions","subtitle":"","list_group":{"group_forced":"0","grouped":"0","groups":{"1":{"group_name":"","group_order":"1","group_index":"1","fields":{"list":[{"index":"1","position":"1","title":"What is SiteLock?","description":"<div>SiteLock provides simple, fast and affordable website security to websites of all sizes. Founded in 2008, the company protects over 12 million websites worldwide. The SiteLock cloud-based suite of products offers automated website vulnerability detection and malware removal, DDoS protection, website acceleration, website risk assessments, and PCI compliance.<\/div><div><br><\/div><div>To learn more about SiteLock, watch the 'How SiteLock Works' video by clicking here<\/div>","custom_classes":"","show_icon":"0","link_text":"","link_type":"custom-url","show_link":"0","custom_url":"","target_blank":"0"},{"index":"2","position":"2","title":"What are vulnerabilities and malware?","description":"<div>A <b>website vulnerability<\/b> is a weakness or misconfiguration in a website or web application code that allows an attacker to gain some level of control of the site, and possibly the hosting server. Most vulnerabilities are exploited through automated means, such as vulnerability scanners and botnets.<\/div><div><br><\/div><div><b>Malware<\/b>, short for malicious software, is used to gather sensitive data, gain unauthorized access to websites and even hijack computers.<\/div>","custom_classes":"","show_icon":"0","link_text":"","link_type":"custom-url","show_link":"0","custom_url":"","target_blank":"0"},{"index":"3","position":"3","title":"Will SiteLock impact website performance?","description":"<b>No<\/b>. During a website scan, SiteLock downloads the relevant files to a secure server and performs scans there. There is no impact to the website content, code, bandwidth or server resources on the website.","custom_classes":"","show_icon":"0","link_text":"","link_type":"custom-url","show_link":"0","custom_url":"","target_blank":"0"},{"index":"4","position":"4","title":"What is the SiteLock Trust Seal?","description":"The SiteLock Trust Seal is a widely-recognized security badge you can display on your website. It is a clear indication that your website is secure and malware-free. To add the seal to your website, simply include the code snippet that SiteLock provides in the footer area of your website.","custom_classes":"","show_icon":"0","link_text":"","link_type":"custom-url","show_link":"0","custom_url":"","target_blank":"0"}]}}}},"list_type":"accordion","list_style":"boxed","combined":"0","overlay":"0","section_anchor":"","custom_class":""},"created_at":"2023-06-23T11:44:01.000000Z","updated_at":"2023-06-23T11:44:16.000000Z"}]}