{"id":1072,"type":{"default_type":false,"name":"Predefined Section","slug":"predefined-section","fields":[{"type":"sections","name":"predefined_section","label":"Choose predefined section"}],"template":"\/var\/www\/templates\/lagom2\/core\/cms\/sections\/config\/predefined-section\/predefined-section.tpl","cache":true},"page_id":237,"visibility":1,"theme":"default","order":2,"created_at":"2023-08-22T12:02:44.000000Z","updated_at":"2023-08-22T12:02:44.000000Z","lang":{"english":{"id":1079,"translation":{"predefined_section":"16"}}},"translations":[{"id":1079,"section_id":1072,"lang":"english","values":{"predefined_section":"16"},"created_at":"2023-08-22T12:02:44.000000Z","updated_at":"2023-08-22T12:02:44.000000Z"}]}