{"id":1096,"type":{"default_type":false,"name":"Predefined Section","slug":"predefined-section","fields":[{"type":"sections","name":"predefined_section","label":"Choose predefined section"}],"template":"\/var\/www\/templates\/lagom2\/core\/cms\/sections\/config\/predefined-section\/predefined-section.tpl","cache":true},"page_id":208,"visibility":1,"theme":"default","order":8,"created_at":"2023-08-26T07:10:30.000000Z","updated_at":"2023-08-26T07:10:30.000000Z","lang":{"english":{"id":1103,"translation":{"predefined_section":"22"}}},"translations":[{"id":1103,"section_id":1096,"lang":"english","values":{"predefined_section":"22"},"created_at":"2023-08-26T07:10:30.000000Z","updated_at":"2023-08-26T07:10:30.000000Z"}]}