{"id":673,"type":{"default_type":false,"name":"Predefined Section","slug":"predefined-section","fields":[{"type":"sections","name":"predefined_section","label":"Choose predefined section"}],"template":"\/var\/www\/templates\/lagom2\/core\/cms\/sections\/config\/predefined-section\/predefined-section.tpl","cache":true},"page_id":208,"visibility":1,"theme":"default","order":9,"created_at":"2023-06-26T16:31:06.000000Z","updated_at":"2023-08-26T07:10:30.000000Z","lang":{"english":{"id":676,"translation":{"predefined_section":"9"}}},"translations":[{"id":676,"section_id":673,"lang":"english","values":{"predefined_section":"9"},"created_at":"2023-06-26T16:31:06.000000Z","updated_at":"2023-06-26T16:31:06.000000Z"}]}