{"id":798,"type":{"default_type":false,"name":"Predefined Section","slug":"predefined-section","fields":[{"type":"sections","name":"predefined_section","label":"Choose predefined section"}],"template":"\/var\/www\/templates\/lagom2\/core\/cms\/sections\/config\/predefined-section\/predefined-section.tpl","cache":true},"page_id":217,"visibility":1,"theme":"default","order":7,"created_at":"2023-07-15T11:35:38.000000Z","updated_at":"2023-08-21T11:37:22.000000Z","lang":{"english":{"id":805,"translation":{"predefined_section":"12"}}},"translations":[{"id":805,"section_id":798,"lang":"english","values":{"predefined_section":"12"},"created_at":"2023-07-15T11:35:38.000000Z","updated_at":"2023-07-15T11:35:38.000000Z"}]}