{"id":352,"type":{"default_type":true,"name":"FAQ","slug":"faq","fields":[{"type":"subsection","name":"subsection","label":"Section Description","collapse":false},{"type":"text","name":"caption","label":"Caption","placeholder":"Enter caption...","tooltip":"Provide a brief section caption to appear above the main title in a smaller font. You can skip this if you don`t wish to display this element.","tooltip_url":"https:\/\/lagom.rsstudio.net\/docs\/website-builder\/section-faq\/#section-description"},{"type":"text","name":"title","label":"Title","placeholder":"Enter title...","tooltip":"Elevate page clarity and visual hierarchy using section titles. Optionally skip for not displaying this element.","tooltip_url":"https:\/\/lagom.rsstudio.net\/docs\/website-builder\/section-faq\/#section-description"},{"type":"text-editor","name":"subtitle","label":"Subtitle","placeholder":"Enter subtitle...","tooltip":"Add concise text to clarify section content, enhancing context and user understanding. You can skip this if you don`t wish to display this element.","tooltip_url":"https:\/\/lagom.rsstudio.net\/docs\/website-builder\/section-faq\/#section-description"},{"type":"subsection","name":"subsection","label":"FAQ List","collapse":false},{"type":"group-input","name":"list_group","label":"Group section content","grouped":false,"group_forced":false,"fields":[{"type":"list","name":"list","label":"FAQ items","icons":false,"link":false,"tooltip":"Lorem Ipsum <a href=\"#\">Learn More<\/a>"}],"tooltip":"The \"Group section content\" function enables you to create multiple item groups that will be displayed on the frontend as distinct tabs.","tooltip_url":"https:\/\/lagom.rsstudio.net\/docs\/website-builder\/section-faq\/#group-section","group_section":"faq"},{"type":"subsection","name":"subsection","label":"FAQ Settings","collapse":false},{"type":"select","name":"list_type","label":"FAQ Type","container_class":"col-sm-6","options":[{"name":"Type 1 - Accordion","value":"accordion"},{"name":"Type 2 - Expanded list with fully visible title and description","value":"expanded"}],"tooltip":"Select the display type for the list of FAQ items.","tooltip_url":"https:\/\/lagom.rsstudio.net\/docs\/website-builder\/section-faq\/#faq-settings"},{"type":"select","name":"list_style","label":"FAQ item style","container_class":"col-sm-6","options":[{"name":"Default","value":"default"},{"name":"Divided","value":"divided"},{"name":"Boxed","value":"boxed"}],"tooltip":"Select the display style for the list of FAQ items.","tooltip_url":"https:\/\/lagom.rsstudio.net\/docs\/website-builder\/section-faq\/#faq-settings"},{"type":"subsection","name":"subsection","label":"Advanced Section Settings","collapse":true},{"type":"checkbox","name":"combined","label":"Combine this section with section below","attributes":[{"name":"uncheck-switcher","value":["overlay"]}],"tooltip":"Eliminate bottom padding and borders from this section, allowing the fusion of these two sections. It`s recommended to apply identical \"Section Style\" in the \"Section Panel\" for seamless integration.","tooltip_url":"https:\/\/lagom.rsstudio.net\/docs\/website-builder\/section-common-settings\/#combine-sections"},{"type":"checkbox","name":"overlay","label":"Overlay section below on this section","attributes":[{"name":"uncheck-switcher","value":["combined"]}],"tooltip":"This configuration pulls the section below over the currently managed section while adding an extra 200px padding at the bottom. You can adjust the pixel value by customizing the <b>--cms-section-overlay-margin<\/b> CSS variable through custom CSS rules.","tooltip_url":"https:\/\/lagom.rsstudio.net\/docs\/website-builder\/section-common-settings\/#overlay-sections"},{"type":"text","name":"section_anchor","label":"Section anchor","placeholder":"Enter anchor...","tooltip":"Assign special names to section anchors. This makes it easy to guide people to specific parts of the page when you share links","tooltip_url":"https:\/\/lagom.rsstudio.net\/docs\/website-builder\/section-common-settings\/#overlay-sections"},{"type":"text","name":"custom_class","label":"Section custom class","placeholder":"Enter class...","tooltip":"This setting allows you to assign custom classes to the section container. You can input your own CSS class here and then apply the necessary styling in the <b>theme-custom.css<\/b> file.","tooltip_url":"https:\/\/lagom.rsstudio.net\/docs\/website-builder\/section-common-settings\/#overlay-sections"}],"template":"\/var\/www\/templates\/lagom2\/core\/cms\/sections\/config\/faq\/faq.tpl","cache":true,"thumb":"thumb.png"},"page_id":127,"visibility":1,"theme":"default","order":7,"created_at":"2023-05-15T18:12:33.000000Z","updated_at":"2023-05-15T18:12:33.000000Z","lang":{"english":{"id":355,"translation":{"caption":"Section FAQ - Groups","title":"Accordion FAQ list in boxed style with multiple groups shown as tabs","subtitle":"                                \r\n            \r\n            ","list_group":{"grouped":"1","group_forced":"0","groups":{"1":{"group_index":"1","group_name":"General","group_order":"1","fields":{"list":[{"index":"1","position":"1","title":"What is a Domain Name?","description":"Lorem ipsum dolor sit amet, consectetur adipiscing elit. Maecenas leo diam, blandit ut nibh vel, rutrum aliquet lectus. Suspendisse tristique dui vitae ultrices faucibus. Cras ac magna ut leo facilisis suscipit quis id quam. Mauris vitae nulla erat. Ut feugiat pretium magna et sollicitudin. Duis eu nunc accumsan, molestie nisl vitae, ornare nisl. Duis dapibus lacinia cursus. Ut purus lorem, rhoncus volutpat orci eget, mollis imperdiet nunc. Pellentesque malesuada consectetur molestie","custom_classes":"","show_icon":"0","link_type":"custom-url","custom_url":"","target_blank":"undefined","url":""},{"index":"2","position":"2","title":"When should I use VPS hosting over Shared hosting?","description":"Lorem ipsum dolor sit amet, consectetur adipiscing elit. Maecenas leo diam, blandit ut nibh vel, rutrum aliquet lectus. Suspendisse tristique dui vitae ultrices faucibus. Cras ac magna ut leo facilisis suscipit quis id quam. Mauris vitae nulla erat. Ut feugiat pretium magna et sollicitudin. Duis eu nunc accumsan, molestie nisl vitae, ornare nisl. Duis dapibus lacinia cursus. Ut purus lorem, rhoncus volutpat orci eget, mollis imperdiet nunc. Pellentesque malesuada consectetur molestie","custom_classes":"","show_icon":"0","link_type":"custom-url","custom_url":"","target_blank":"undefined","url":""},{"index":"3","position":"3","title":"What are the benefits of using Managed VPS hosting over Unmanaged VPS Hosting?","description":"Lorem ipsum dolor sit amet, consectetur adipiscing elit. Maecenas leo diam, blandit ut nibh vel, rutrum aliquet lectus. Suspendisse tristique dui vitae ultrices faucibus. Cras ac magna ut leo facilisis suscipit quis id quam. Mauris vitae nulla erat. Ut feugiat pretium magna et sollicitudin. Duis eu nunc accumsan, molestie nisl vitae, ornare nisl. Duis dapibus lacinia cursus. Ut purus lorem, rhoncus volutpat orci eget, mollis imperdiet nunc. Pellentesque malesuada consectetur molestie","custom_classes":"","show_icon":"0","link_type":"custom-url","custom_url":"","target_blank":"undefined","url":""}]}},"2":{"group_index":"2","group_name":"Billing","group_order":"2","fields":{"list":[{"index":"1","position":"1","title":"Can I upgrade my hosting plan later?","description":"Lorem ipsum dolor sit amet, consectetur adipiscing elit. Maecenas leo diam, blandit ut nibh vel, rutrum aliquet lectus. Suspendisse tristique dui vitae ultrices faucibus. Cras ac magna ut leo facilisis suscipit quis id quam. Mauris vitae nulla erat. Ut feugiat pretium magna et sollicitudin. Duis eu nunc accumsan, molestie nisl vitae, ornare nisl. Duis dapibus lacinia cursus. Ut purus lorem, rhoncus volutpat orci eget, mollis imperdiet nunc. Pellentesque malesuada consectetur molestie","custom_classes":"","show_icon":"0","link_type":"custom-url","custom_url":"","target_blank":"undefined","url":""},{"index":"2","position":"2","title":"Can I cancel my plan anytime?","description":"Lorem ipsum dolor sit amet, consectetur adipiscing elit. Maecenas leo diam, blandit ut nibh vel, rutrum aliquet lectus. Suspendisse tristique dui vitae ultrices faucibus. Cras ac magna ut leo facilisis suscipit quis id quam. Mauris vitae nulla erat. Ut feugiat pretium magna et sollicitudin. Duis eu nunc accumsan, molestie nisl vitae, ornare nisl. Duis dapibus lacinia cursus. Ut purus lorem, rhoncus volutpat orci eget, mollis imperdiet nunc. Pellentesque malesuada consectetur molestie","custom_classes":"","show_icon":"0","link_type":"custom-url","custom_url":"","target_blank":"undefined","url":""}]}}},"new_group_index":3},"list_type":"accordion","list_style":"boxed","combined":"0","overlay":"0","section_anchor":"","custom_class":""}}},"translations":[{"id":355,"section_id":352,"lang":"english","values":{"caption":"Section FAQ - Groups","title":"Accordion FAQ list in boxed style with multiple groups shown as tabs","subtitle":"                                \r\n            \r\n            ","list_group":{"group_forced":"0","grouped":"1","groups":{"1":{"group_name":"General","group_order":"1","group_index":"1","fields":{"list":[{"index":"1","position":"1","title":"What is a Domain Name?","description":"Lorem ipsum dolor sit amet, consectetur adipiscing elit. Maecenas leo diam, blandit ut nibh vel, rutrum aliquet lectus. Suspendisse tristique dui vitae ultrices faucibus. Cras ac magna ut leo facilisis suscipit quis id quam. Mauris vitae nulla erat. Ut feugiat pretium magna et sollicitudin. Duis eu nunc accumsan, molestie nisl vitae, ornare nisl. Duis dapibus lacinia cursus. Ut purus lorem, rhoncus volutpat orci eget, mollis imperdiet nunc. Pellentesque malesuada consectetur molestie","custom_classes":"","show_icon":"0","link_type":"custom-url","custom_url":"","target_blank":"undefined"},{"index":"2","position":"2","title":"When should I use VPS hosting over Shared hosting?","description":"Lorem ipsum dolor sit amet, consectetur adipiscing elit. Maecenas leo diam, blandit ut nibh vel, rutrum aliquet lectus. Suspendisse tristique dui vitae ultrices faucibus. Cras ac magna ut leo facilisis suscipit quis id quam. Mauris vitae nulla erat. Ut feugiat pretium magna et sollicitudin. Duis eu nunc accumsan, molestie nisl vitae, ornare nisl. Duis dapibus lacinia cursus. Ut purus lorem, rhoncus volutpat orci eget, mollis imperdiet nunc. Pellentesque malesuada consectetur molestie","custom_classes":"","show_icon":"0","link_type":"custom-url","custom_url":"","target_blank":"undefined"},{"index":"3","position":"3","title":"What are the benefits of using Managed VPS hosting over Unmanaged VPS Hosting?","description":"Lorem ipsum dolor sit amet, consectetur adipiscing elit. Maecenas leo diam, blandit ut nibh vel, rutrum aliquet lectus. Suspendisse tristique dui vitae ultrices faucibus. Cras ac magna ut leo facilisis suscipit quis id quam. Mauris vitae nulla erat. Ut feugiat pretium magna et sollicitudin. Duis eu nunc accumsan, molestie nisl vitae, ornare nisl. Duis dapibus lacinia cursus. Ut purus lorem, rhoncus volutpat orci eget, mollis imperdiet nunc. Pellentesque malesuada consectetur molestie","custom_classes":"","show_icon":"0","link_type":"custom-url","custom_url":"","target_blank":"undefined"}]}},"2":{"group_name":"Billing","group_order":"2","group_index":"2","fields":{"list":[{"index":"1","position":"1","title":"Can I upgrade my hosting plan later?","description":"Lorem ipsum dolor sit amet, consectetur adipiscing elit. Maecenas leo diam, blandit ut nibh vel, rutrum aliquet lectus. Suspendisse tristique dui vitae ultrices faucibus. Cras ac magna ut leo facilisis suscipit quis id quam. Mauris vitae nulla erat. Ut feugiat pretium magna et sollicitudin. Duis eu nunc accumsan, molestie nisl vitae, ornare nisl. Duis dapibus lacinia cursus. Ut purus lorem, rhoncus volutpat orci eget, mollis imperdiet nunc. Pellentesque malesuada consectetur molestie","custom_classes":"","show_icon":"0","link_type":"custom-url","custom_url":"","target_blank":"undefined"},{"index":"2","position":"2","title":"Can I cancel my plan anytime?","description":"Lorem ipsum dolor sit amet, consectetur adipiscing elit. Maecenas leo diam, blandit ut nibh vel, rutrum aliquet lectus. Suspendisse tristique dui vitae ultrices faucibus. Cras ac magna ut leo facilisis suscipit quis id quam. Mauris vitae nulla erat. Ut feugiat pretium magna et sollicitudin. Duis eu nunc accumsan, molestie nisl vitae, ornare nisl. Duis dapibus lacinia cursus. Ut purus lorem, rhoncus volutpat orci eget, mollis imperdiet nunc. Pellentesque malesuada consectetur molestie","custom_classes":"","show_icon":"0","link_type":"custom-url","custom_url":"","target_blank":"undefined"}]}}}},"list_type":"accordion","list_style":"boxed","combined":"0","overlay":"0","section_anchor":"","custom_class":""},"created_at":"2023-05-15T18:12:33.000000Z","updated_at":"2023-06-21T13:35:32.000000Z"}]}