{"id":1090,"type":{"default_type":false,"name":"Predefined Section","slug":"predefined-section","fields":[{"type":"sections","name":"predefined_section","label":"Choose predefined section"}],"template":"\/var\/www\/templates\/lagom2\/core\/cms\/sections\/config\/predefined-section\/predefined-section.tpl","cache":true},"page_id":151,"visibility":1,"theme":"default","order":10,"created_at":"2023-08-23T12:14:13.000000Z","updated_at":"2023-08-23T12:14:13.000000Z","lang":{"english":{"id":1097,"translation":{"predefined_section":"20"}}},"translations":[{"id":1097,"section_id":1090,"lang":"english","values":{"predefined_section":"20"},"created_at":"2023-08-23T12:14:13.000000Z","updated_at":"2023-08-23T12:14:13.000000Z"}]}