{"id":483,"type":{"default_type":true,"name":"Legal","slug":"legal","fields":[{"type":"subsection","name":"subsection","label":"Section Description","collapse":false},{"type":"text-editor","name":"main_content","label":"Section Content","tooltip":"Create required section content using the advanced \"text editor\". Use its build in tools to format the code, or write your own HTML code.","tooltip_url":"https:\/\/lagom.rsstudio.net\/docs\/website-builder\/section-legal\/#section-description"},{"type":"subsection","name":"subsection","label":"Section Sidebar","collapse":false},{"type":"list","name":"sidebar","label":"Sidebar Items","icons":true,"sidebar":true,"tooltip":"The section sidebar is presented on the left-hand side of the legal pages, providing the ability to incorporate links leading to various other legal pages","tooltip_url":"https:\/\/lagom.rsstudio.net\/docs\/website-builder\/section-legal\/#section-sidebar"},{"type":"subsection","name":"subsection","label":"Advanced Section Settings","collapse":true},{"type":"text","name":"section_anchor","label":"Section anchor","placeholder":"Enter anchor...","tooltip":"Assign special names to section anchors. This makes it easy to guide people to specific parts of the page when you share links","tooltip_url":"https:\/\/lagom.rsstudio.net\/docs\/website-builder\/section-common-settings\/#section-anchor"},{"type":"text","name":"custom_class","label":"Section custom class","placeholder":"Enter class...","tooltip":"This setting allows you to assign custom classes to the section container. You can input your own CSS class here and then apply the necessary styling in the <b>theme-custom.css<\/b> file.","tooltip_url":"https:\/\/lagom.rsstudio.net\/docs\/website-builder\/section-common-settings\/#section-custom-class"}],"template":"\/var\/www\/templates\/lagom2\/core\/cms\/sections\/config\/legal\/legal.tpl","cache":true,"thumb":"thumb.png"},"page_id":185,"visibility":1,"theme":"default","order":2,"created_at":"2023-05-29T12:18:56.000000Z","updated_at":"2023-05-29T12:18:56.000000Z","lang":{"english":{"id":486,"translation":{"main_content":"&lt;section id=&quot;section-1&quot;&gt;\r\n  &lt;h2 class=&quot;h3&quot;&gt;1. Registration Obligations&lt;\/h2&gt;\r\n  &lt;p&gt;By registering a domain through our services, you agree to provide accurate and complete information. This includes your contact details, administrative, technical, and billing information. You are responsible for ensuring the accuracy of this information and updating it promptly in case of changes.&lt;\/p&gt;\r\n&lt;\/section&gt;\r\n\r\n&lt;section id=&quot;section-2&quot;&gt;\r\n  &lt;h2 class=&quot;h3&quot;&gt;2. Domain Ownership&lt;\/h2&gt;\r\n  &lt;p&gt;When you register a domain through our services, you become the legal owner of that domain, provided you adhere to the terms of this agreement and any applicable laws. You have the right to use, transfer, and renew the domain as long as you meet the requirements of domain registrars and relevant governing bodies.&lt;\/p&gt;\r\n&lt;\/section&gt;\r\n\r\n&lt;section id=&quot;section-3&quot;&gt;\r\n  &lt;h2 class=&quot;h3&quot;&gt;3. Renewals and Transfers&lt;\/h2&gt;\r\n  &lt;p&gt;You are responsible for renewing your domain registration before it expires. Failure to renew in a timely manner may result in the loss of the domain. Transfers to another registrar may be subject to certain conditions and fees. You are encouraged to review the terms of domain transfers as outlined by your chosen registrar.&lt;\/p&gt;\r\n&lt;\/section&gt;\r\n\r\n&lt;section id=&quot;section-4&quot;&gt;\r\n  &lt;h2 class=&quot;h3&quot;&gt;4. WHOIS Information&lt;\/h2&gt;\r\n  &lt;p&gt;As required by domain registrars and relevant authorities, your WHOIS information (including name, email, and address) will be publicly available in the domain registry. You can choose to use privacy protection services to hide some of this information, but certain details must remain accessible for legal and administrative purposes.&lt;\/p&gt;\r\n&lt;\/section&gt;\r\n\r\n&lt;section id=&quot;section-5&quot;&gt;\r\n  &lt;h2 class=&quot;h3&quot;&gt;5. Dispute Resolution&lt;\/h2&gt;\r\n  &lt;p&gt;Disputes arising from domain ownership, registration, or usage will be subject to the dispute resolution policies of the relevant domain registrar and applicable laws. You agree to abide by these policies and to address any disputes through the designated processes provided by the registrar.&lt;\/p&gt;\r\n&lt;\/section&gt;\r\n\r\n&lt;section id=&quot;section-6&quot;&gt;\r\n  &lt;h2 class=&quot;h3&quot;&gt;6. Termination&lt;\/h2&gt;\r\n  &lt;p&gt;This agreement may be terminated if you violate its terms or engage in activities that jeopardize domain integrity or reputation. Termination may result in the loss of domain ownership and registration. We reserve the right to take necessary actions to protect our services and the broader online community.&lt;\/p&gt;\r\n&lt;\/section&gt;\r\n\r\n&lt;section id=&quot;section-7&quot;&gt;\r\n  &lt;h2 class=&quot;h3&quot;&gt;7. Changes to This Agreement&lt;\/h2&gt;\r\n  &lt;p&gt;We may update this Domain Registration Agreement to reflect changes in our practices or for legal, operational, or regulatory reasons. We will notify you of any significant changes by posting a notice on our website. It&#039;s your responsibility to review this agreement periodically to ensure compliance with our terms.&lt;\/p&gt;\r\n&lt;\/section&gt;\r\n\r\n&lt;footer&gt;\r\n  &lt;p&gt;If you have any questions or concerns about this Domain Registration Agreement, please contact us at &lt;a href=&quot;mailto:legal@example.com&quot;&gt;legal@example.com&lt;\/a&gt;.&lt;\/p&gt;\r\n&lt;\/footer&gt;","sidebar":[{"index":"1","position":"1","title":"First","description":"","custom_classes":"","show_icon":"0","font-icon":"ls ls-book-bookmark","link_text":"Terms Of Service","link_type":"whmcs-page","show_link":"0","whmcs_page":"legal\/terms-of-services","url":"legal\/terms-of-services","target_blank":"0"},{"index":"2","position":"2","title":"Second","description":"","custom_classes":"","show_icon":"0","font-icon":"ls ls-rss","link_text":"Privacy Policy","link_type":"whmcs-page","show_link":"0","whmcs_page":"legal\/privacy-policy","url":"legal\/privacy-policy","target_blank":"0"},{"index":"3","position":"3","title":"","description":"","custom_classes":"","show_icon":"0","media":"undefined","link_text":"Acceptable Use Policy","link_type":"whmcs-page","show_link":"0","whmcs_page":"legal\/acceptable-use-policy","url":"legal\/acceptable-use-policy","target_blank":"0"},{"index":"4","position":"4","title":"","description":"","custom_classes":"active","show_icon":"0","link_text":"Domain Reg. Agreement","link_type":"whmcs-page","show_link":"0","whmcs_page":"legal\/domain-registration-greement","url":"legal\/domain-registration-greement","target_blank":"0","stat":""}],"section_anchor":"","custom_class":""}}},"translations":[{"id":486,"section_id":483,"lang":"english","values":{"main_content":"&lt;section id=&quot;section-1&quot;&gt;\r\n  &lt;h2 class=&quot;h3&quot;&gt;1. Registration Obligations&lt;\/h2&gt;\r\n  &lt;p&gt;By registering a domain through our services, you agree to provide accurate and complete information. This includes your contact details, administrative, technical, and billing information. You are responsible for ensuring the accuracy of this information and updating it promptly in case of changes.&lt;\/p&gt;\r\n&lt;\/section&gt;\r\n\r\n&lt;section id=&quot;section-2&quot;&gt;\r\n  &lt;h2 class=&quot;h3&quot;&gt;2. Domain Ownership&lt;\/h2&gt;\r\n  &lt;p&gt;When you register a domain through our services, you become the legal owner of that domain, provided you adhere to the terms of this agreement and any applicable laws. You have the right to use, transfer, and renew the domain as long as you meet the requirements of domain registrars and relevant governing bodies.&lt;\/p&gt;\r\n&lt;\/section&gt;\r\n\r\n&lt;section id=&quot;section-3&quot;&gt;\r\n  &lt;h2 class=&quot;h3&quot;&gt;3. Renewals and Transfers&lt;\/h2&gt;\r\n  &lt;p&gt;You are responsible for renewing your domain registration before it expires. Failure to renew in a timely manner may result in the loss of the domain. Transfers to another registrar may be subject to certain conditions and fees. You are encouraged to review the terms of domain transfers as outlined by your chosen registrar.&lt;\/p&gt;\r\n&lt;\/section&gt;\r\n\r\n&lt;section id=&quot;section-4&quot;&gt;\r\n  &lt;h2 class=&quot;h3&quot;&gt;4. WHOIS Information&lt;\/h2&gt;\r\n  &lt;p&gt;As required by domain registrars and relevant authorities, your WHOIS information (including name, email, and address) will be publicly available in the domain registry. You can choose to use privacy protection services to hide some of this information, but certain details must remain accessible for legal and administrative purposes.&lt;\/p&gt;\r\n&lt;\/section&gt;\r\n\r\n&lt;section id=&quot;section-5&quot;&gt;\r\n  &lt;h2 class=&quot;h3&quot;&gt;5. Dispute Resolution&lt;\/h2&gt;\r\n  &lt;p&gt;Disputes arising from domain ownership, registration, or usage will be subject to the dispute resolution policies of the relevant domain registrar and applicable laws. You agree to abide by these policies and to address any disputes through the designated processes provided by the registrar.&lt;\/p&gt;\r\n&lt;\/section&gt;\r\n\r\n&lt;section id=&quot;section-6&quot;&gt;\r\n  &lt;h2 class=&quot;h3&quot;&gt;6. Termination&lt;\/h2&gt;\r\n  &lt;p&gt;This agreement may be terminated if you violate its terms or engage in activities that jeopardize domain integrity or reputation. Termination may result in the loss of domain ownership and registration. We reserve the right to take necessary actions to protect our services and the broader online community.&lt;\/p&gt;\r\n&lt;\/section&gt;\r\n\r\n&lt;section id=&quot;section-7&quot;&gt;\r\n  &lt;h2 class=&quot;h3&quot;&gt;7. Changes to This Agreement&lt;\/h2&gt;\r\n  &lt;p&gt;We may update this Domain Registration Agreement to reflect changes in our practices or for legal, operational, or regulatory reasons. We will notify you of any significant changes by posting a notice on our website. It&#039;s your responsibility to review this agreement periodically to ensure compliance with our terms.&lt;\/p&gt;\r\n&lt;\/section&gt;\r\n\r\n&lt;footer&gt;\r\n  &lt;p&gt;If you have any questions or concerns about this Domain Registration Agreement, please contact us at &lt;a href=&quot;mailto:legal@example.com&quot;&gt;legal@example.com&lt;\/a&gt;.&lt;\/p&gt;\r\n&lt;\/footer&gt;","sidebar":[{"index":"1","position":"1","title":"First","description":"","custom_classes":"","show_icon":"0","font-icon":"ls ls-book-bookmark","link_text":"Terms Of Service","link_type":"whmcs-page","show_link":"0","whmcs_page":"legal\/terms-of-services","url":"legal\/terms-of-services","target_blank":"0"},{"index":"2","position":"2","title":"Second","description":"","custom_classes":"","show_icon":"0","font-icon":"ls ls-rss","link_text":"Privacy Policy","link_type":"whmcs-page","show_link":"0","whmcs_page":"legal\/privacy-policy","url":"legal\/privacy-policy","target_blank":"0"},{"index":"3","position":"3","title":"","description":"","custom_classes":"","show_icon":"0","media":"undefined","link_text":"Acceptable Use Policy","link_type":"whmcs-page","show_link":"0","whmcs_page":"legal\/acceptable-use-policy","url":"legal\/acceptable-use-policy","target_blank":"0"},{"index":"4","position":"4","title":"","description":"","custom_classes":"active","show_icon":"0","link_text":"Domain Reg. Agreement","link_type":"whmcs-page","show_link":"0","whmcs_page":"legal\/domain-registration-greement","url":"legal\/domain-registration-greement","target_blank":"0","stat":""}],"section_anchor":"","custom_class":""},"created_at":"2023-05-29T12:18:56.000000Z","updated_at":"2023-08-30T16:15:10.000000Z"}]}