{"id":862,"type":{"default_type":false,"name":"Predefined Section","slug":"predefined-section","fields":[{"type":"sections","name":"predefined_section","label":"Choose predefined section"}],"template":"\/var\/www\/templates\/lagom2\/core\/cms\/sections\/config\/predefined-section\/predefined-section.tpl","cache":true},"page_id":221,"visibility":1,"theme":"default","order":3,"created_at":"2023-07-16T14:40:17.000000Z","updated_at":"2023-07-16T14:41:52.000000Z","lang":{"english":{"id":869,"translation":{"predefined_section":"16"}}},"translations":[{"id":869,"section_id":862,"lang":"english","values":{"predefined_section":"16"},"created_at":"2023-07-16T14:40:17.000000Z","updated_at":"2023-07-16T14:40:17.000000Z"}]}