{"id":861,"type":{"default_type":false,"name":"Predefined Section","slug":"predefined-section","fields":[{"type":"sections","name":"predefined_section","label":"Choose predefined section"}],"template":"\/var\/www\/templates\/lagom2\/core\/cms\/sections\/config\/predefined-section\/predefined-section.tpl","cache":true},"page_id":221,"visibility":1,"theme":"gray","order":4,"created_at":"2023-07-16T14:40:17.000000Z","updated_at":"2023-07-16T14:41:52.000000Z","lang":{"english":{"id":868,"translation":{"predefined_section":"17"}}},"translations":[{"id":868,"section_id":861,"lang":"english","values":{"predefined_section":"17"},"created_at":"2023-07-16T14:40:17.000000Z","updated_at":"2023-07-16T14:40:17.000000Z"}]}