{"id":860,"type":{"default_type":false,"name":"Predefined Section","slug":"predefined-section","fields":[{"type":"sections","name":"predefined_section","label":"Choose predefined section"}],"template":"\/var\/www\/templates\/lagom2\/core\/cms\/sections\/config\/predefined-section\/predefined-section.tpl","cache":true},"page_id":221,"visibility":1,"theme":"default","order":5,"created_at":"2023-07-16T14:39:29.000000Z","updated_at":"2023-07-16T14:41:52.000000Z","lang":{"english":{"id":867,"translation":{"predefined_section":"18"}}},"translations":[{"id":867,"section_id":860,"lang":"english","values":{"predefined_section":"18"},"created_at":"2023-07-16T14:39:29.000000Z","updated_at":"2023-07-16T14:39:29.000000Z"}]}