{"id":1125,"type":{"default_type":false,"name":"Predefined Section","slug":"predefined-section","fields":[{"type":"sections","name":"predefined_section","label":"Choose predefined section"}],"template":"\/var\/www\/templates\/lagom2\/core\/cms\/sections\/config\/predefined-section\/predefined-section.tpl","cache":true},"page_id":240,"visibility":1,"theme":"default","order":13,"created_at":"2023-08-27T10:41:12.000000Z","updated_at":"2023-08-27T10:41:12.000000Z","lang":{"english":{"id":1132,"translation":{"predefined_section":"20"}}},"translations":[{"id":1132,"section_id":1125,"lang":"english","values":{"predefined_section":"20"},"created_at":"2023-08-27T10:41:12.000000Z","updated_at":"2023-08-27T10:41:12.000000Z"}]}