{"id":602,"type":{"default_type":false,"name":"Predefined Section","slug":"predefined-section","fields":[{"type":"sections","name":"predefined_section","label":"Choose predefined section"}],"template":"\/var\/www\/templates\/lagom2\/core\/cms\/sections\/config\/predefined-section\/predefined-section.tpl","cache":true},"page_id":206,"visibility":1,"theme":"default","order":8,"created_at":"2023-06-21T13:49:35.000000Z","updated_at":"2023-06-21T13:53:49.000000Z","lang":{"english":{"id":605,"translation":{"predefined_section":"9"}}},"translations":[{"id":605,"section_id":602,"lang":"english","values":{"predefined_section":"9"},"created_at":"2023-06-21T13:49:35.000000Z","updated_at":"2023-06-21T13:49:35.000000Z"}]}