{"id":702,"type":{"default_type":false,"name":"Predefined Section","slug":"predefined-section","fields":[{"type":"sections","name":"predefined_section","label":"Choose predefined section"}],"template":"\/var\/www\/templates\/lagom2\/core\/cms\/sections\/config\/predefined-section\/predefined-section.tpl","cache":true},"page_id":211,"visibility":1,"theme":"default","order":8,"created_at":"2023-06-27T08:04:39.000000Z","updated_at":"2023-08-26T11:05:27.000000Z","lang":{"english":{"id":705,"translation":{"predefined_section":"9"}}},"translations":[{"id":705,"section_id":702,"lang":"english","values":{"predefined_section":"9"},"created_at":"2023-06-27T08:04:39.000000Z","updated_at":"2023-06-27T08:04:39.000000Z"}]}