{"id":1359,"type":{"default_type":false,"name":"Predefined Section","slug":"predefined-section","fields":[{"type":"sections","name":"predefined_section","label":"Choose predefined section"}],"template":"\/var\/www\/templates\/lagom2\/core\/cms\/sections\/config\/predefined-section\/predefined-section.tpl","cache":true},"page_id":249,"visibility":1,"theme":"default","order":8,"created_at":"2024-04-12T11:44:12.000000Z","updated_at":"2024-04-12T11:44:12.000000Z","lang":{"english":{"id":1366,"translation":{"predefined_section":"16"}}},"translations":[{"id":1366,"section_id":1359,"lang":"english","values":{"predefined_section":"16"},"created_at":"2024-04-12T11:44:12.000000Z","updated_at":"2024-04-12T11:44:12.000000Z"}]}