{"id":1363,"type":{"default_type":false,"name":"Predefined Section","slug":"predefined-section","fields":[{"type":"sections","name":"predefined_section","label":"Choose predefined section"}],"template":"\/var\/www\/templates\/lagom2\/core\/cms\/sections\/config\/predefined-section\/predefined-section.tpl","cache":true},"page_id":249,"visibility":1,"theme":"default","order":12,"created_at":"2024-04-12T11:44:12.000000Z","updated_at":"2024-04-12T11:44:12.000000Z","lang":{"english":{"id":1370,"translation":{"predefined_section":"4"}}},"translations":[{"id":1370,"section_id":1363,"lang":"english","values":{"predefined_section":"4"},"created_at":"2024-04-12T11:44:12.000000Z","updated_at":"2024-04-12T11:44:12.000000Z"}]}