[{"id":214,"custom_page":1,"url":"nord-vpn","name":"MarketConnect - NordVPN","display_type":"website","list_display":1,"seo_enabled":1,"seo_robots":0,"seo_title":{"arabic":"","azerbaijani":"","catalan":"","chinese":"","croatian":"","czech":"","danish":"","dutch":"","english":"NordVPN","estonian":"","farsi":"","french":"","german":"","hebrew":"","hungarian":"","italian":"","macedonian":"","norwegian":"","portuguese-br":"","portuguese-pt":"","romanian":"","russian":"","spanish":"","swedish":"","turkish":"","ukranian":""},"seo_description":{"arabic":"","azerbaijani":"","catalan":"","chinese":"","croatian":"","czech":"","danish":"","dutch":"","english":"Enhance your online security with connection encryption and IP concealment. Say goodbye to malware, trackers, and ads that disrupt your browsing.","estonian":"","farsi":"","french":"","german":"","hebrew":"","hungarian":"","italian":"","macedonian":"","norwegian":"","portuguese-br":"","portuguese-pt":"","romanian":"","russian":"","spanish":"","swedish":"","turkish":"","ukranian":""},"seo_image":null,"settings":{"published":"1","body_class":"site-nordvpn"},"created_at":"2023-06-27T11:40:37.000000Z","updated_at":"2023-08-26T14:18:21.000000Z"}]