{"id":1106,"type":{"default_type":false,"name":"Predefined Section","slug":"predefined-section","fields":[{"type":"sections","name":"predefined_section","label":"Choose predefined section"}],"template":"\/var\/www\/templates\/lagom2\/core\/cms\/sections\/config\/predefined-section\/predefined-section.tpl","cache":true},"page_id":214,"visibility":1,"theme":"default","order":8,"created_at":"2023-08-26T13:59:03.000000Z","updated_at":"2023-08-26T13:59:03.000000Z","lang":{"english":{"id":1113,"translation":{"predefined_section":"23"}}},"translations":[{"id":1113,"section_id":1106,"lang":"english","values":{"predefined_section":"23"},"created_at":"2023-08-26T13:59:03.000000Z","updated_at":"2023-08-28T09:52:28.000000Z"}]}