{"id":728,"type":{"default_type":false,"name":"Predefined Section","slug":"predefined-section","fields":[{"type":"sections","name":"predefined_section","label":"Choose predefined section"}],"template":"\/var\/www\/templates\/lagom2\/core\/cms\/sections\/config\/predefined-section\/predefined-section.tpl","cache":true},"page_id":214,"visibility":1,"theme":"default","order":10,"created_at":"2023-06-27T11:40:37.000000Z","updated_at":"2023-08-26T13:59:03.000000Z","lang":{"english":{"id":731,"translation":{"predefined_section":"9"}}},"translations":[{"id":731,"section_id":728,"lang":"english","values":{"predefined_section":"9"},"created_at":"2023-06-27T11:40:37.000000Z","updated_at":"2023-06-27T11:40:37.000000Z"}]}