{"id":1147,"type":{"default_type":false,"name":"Predefined Section","slug":"predefined-section","fields":[{"type":"sections","name":"predefined_section","label":"Choose predefined section"}],"template":"\/var\/www\/templates\/lagom2\/core\/cms\/sections\/config\/predefined-section\/predefined-section.tpl","cache":true},"page_id":213,"visibility":1,"theme":"default","order":14,"created_at":"2023-08-27T15:30:20.000000Z","updated_at":"2023-08-27T15:57:44.000000Z","lang":{"english":{"id":1154,"translation":{"predefined_section":"9"}}},"translations":[{"id":1154,"section_id":1147,"lang":"english","values":{"predefined_section":"9"},"created_at":"2023-08-27T15:30:20.000000Z","updated_at":"2023-08-27T15:30:20.000000Z"}]}