{"id":1151,"type":{"default_type":false,"name":"Predefined Section","slug":"predefined-section","fields":[{"type":"sections","name":"predefined_section","label":"Choose predefined section"}],"template":"\/var\/www\/templates\/lagom2\/core\/cms\/sections\/config\/predefined-section\/predefined-section.tpl","cache":true},"page_id":213,"visibility":1,"theme":"default","order":11,"created_at":"2023-08-27T15:43:08.000000Z","updated_at":"2023-08-27T15:57:44.000000Z","lang":{"english":{"id":1158,"translation":{"predefined_section":"20"}}},"translations":[{"id":1158,"section_id":1151,"lang":"english","values":{"predefined_section":"20"},"created_at":"2023-08-27T15:43:08.000000Z","updated_at":"2023-08-27T15:43:08.000000Z"}]}