{"id":313,"type":{"default_type":false,"name":"Predefined Section","slug":"predefined-section","fields":[{"type":"sections","name":"predefined_section","label":"Choose predefined section"}],"template":"\/var\/www\/templates\/lagom2\/core\/cms\/sections\/config\/predefined-section\/predefined-section.tpl","cache":true},"page_id":181,"visibility":1,"theme":"default","order":1,"created_at":"2023-05-12T12:29:04.000000Z","updated_at":"2023-05-12T12:29:04.000000Z","lang":{"english":{"id":316,"translation":{"predefined_section":"8"}}},"translations":[{"id":316,"section_id":313,"lang":"english","values":{"predefined_section":"8"},"created_at":"2023-05-12T12:29:04.000000Z","updated_at":"2023-05-12T12:29:04.000000Z"}]}