[{"id":167,"custom_page":1,"url":"seo-tools","name":"MarketConnect - SEO Tools","display_type":"website","list_display":1,"seo_enabled":1,"seo_robots":1,"seo_title":{"arabic":"","azerbaijani":"","catalan":"","chinese":"","croatian":"","czech":"","danish":"","dutch":"","english":"SEO Tools","estonian":"","farsi":"","french":"","german":"","hebrew":"","hungarian":"","italian":"","macedonian":"","norwegian":"","portuguese-br":"","portuguese-pt":"","romanian":"","russian":"","spanish":"","swedish":"","turkish":"","ukranian":""},"seo_description":{"arabic":"","azerbaijani":"","catalan":"","chinese":"","croatian":"","czech":"","danish":"","dutch":"","english":"Elevate your online presence and expand your business with Marketgoo&#039;s comprehensive SEO tools. Enhance visibility, drive traffic, and achieve success.","estonian":"","farsi":"","french":"","german":"","hebrew":"","hungarian":"","italian":"","macedonian":"","norwegian":"","portuguese-br":"","portuguese-pt":"","romanian":"","russian":"","spanish":"","swedish":"","turkish":"","ukranian":""},"seo_image":null,"settings":{"published":"1","body_class":""},"created_at":"2023-04-19T08:51:12.000000Z","updated_at":"2023-08-27T11:25:10.000000Z"}]