{"id":643,"type":{"default_type":true,"name":"Features Sides","slug":"features-sides","fields":[{"type":"subsection","name":"subsection","label":"Section Description","collapse":false},{"type":"text","name":"caption","label":"Caption","placeholder":"Enter caption...","tooltip":"Provide a brief section caption to appear above the main title in a smaller font. You can skip this if you don`t wish to display this element.","tooltip_url":"https:\/\/lagom.rsstudio.net\/docs\/website-builder\/section-features-sides\/#section-description"},{"type":"text","name":"title","label":"Title","placeholder":"Enter title...","tooltip":"Elevate page clarity and visual hierarchy using section titles. Optionally skip for not displaying this element.","tooltip_url":"https:\/\/lagom.rsstudio.net\/docs\/website-builder\/section-features-sides\/#section-description"},{"type":"text","name":"subtitle","label":"Subtitle","placeholder":"Enter subtitle...","tooltip":"Add concise text to clarify section content, enhancing context and user understanding. You can skip this if you don`t wish to display this element.","tooltip_url":"https:\/\/lagom.rsstudio.net\/docs\/website-builder\/section-features-sides\/#section-description"},{"type":"select","name":"title_position","label":"Title and subtitle position","options":[{"name":"Above description","value":"inside"},{"name":"Above section content (centered)","value":"above"}],"tooltip":"Choose placement of section title and subtitle. By default these elements are placed together with section description, but you can change this by selecting different option.","tooltip_url":"https:\/\/lagom.rsstudio.net\/docs\/website-builder\/section-features-sides\/#section-description"},{"type":"text-editor","name":"desc","label":"Description","placeholder":"Enter description...","tooltip":"Section description, where content can be customized using text editor.","tooltip_url":"https:\/\/lagom.rsstudio.net\/docs\/website-builder\/section-features-sides\/c\/#section-description"},{"type":"subsection","name":"subsection","label":"Features List","collapse":false},{"type":"list","name":"features","label":"Features","tooltip":"Present the list of generated features that will appear on the edited website page. This list offers the convenience to arrange items by dragging and dropping, allowing you to adjust their sequence.","tooltip_url":"https:\/\/lagom.rsstudio.net\/docs\/website-builder\/section-features-sides\/#features-list"},{"type":"subsection","name":"subsection","label":"Features Settings","collapse":true},{"type":"select","name":"features_size","label":"Feature size","container_class":"col-sm-3","options":[{"name":"Default","value":"default"},{"name":"Small","value":"small"},{"name":"Large","value":"large"}],"tooltip":"Select the size at which the created \"features\" should be displayed on your website. Choose from a list of predefined sizes.","tooltip_url":"https:\/\/lagom.rsstudio.net\/docs\/website-builder\/section-features-sides\/#feature-size"},{"type":"select","name":"features_icon_position","label":"Feature icon position","container_class":"col-sm-3","options":[{"name":"Top - Center","value":"top-center"},{"name":"Top - Left","value":"top-left"},{"name":"Left","value":"left"},{"name":"Right","value":"right"}],"tooltip":"Select the position of the graphic within the \"feature\" item. This choice will also influence the layout of the \"feature\" item content.","tooltip_url":"https:\/\/lagom.rsstudio.net\/docs\/website-builder\/section-features-sides\/#feature-icon-position"},{"type":"select","name":"features_position","label":"Features position","container_class":"col-sm-3","options":[{"name":"Right","value":"right"},{"name":"Left","value":"left"}],"tooltip":"Choose on which side, feature items should be shown in this sections. You have two options to choose from: \"Left\" or \"Right\" placement for the \"Feature\" items.","tooltip_url":"https:\/\/lagom.rsstudio.net\/docs\/website-builder\/section-features-sides\/#feature-position"},{"type":"select","name":"features_style","label":"Feature style","container_class":"col-sm-3","options":[{"name":"Default","value":"default"},{"name":"Boxed","value":"boxed"},{"name":"Bordered","value":"bordered"}],"tooltip":"This option enables you to generate multiple feature groups, which will subsequently appear on the frontend as distinct tabs","tooltip_url":"https:\/\/lagom.rsstudio.net\/docs\/website-builder\/section-features\/#sgroup-section"},{"type":"select","name":"cols_desktop","label":"Columns on desktop","container_class":"col-sm-3","options":[{"name":"1","value":"1","default":true},{"name":"2","value":"2"}],"tooltip":"efine the number of columns for features displayed on screens wider than 1320px.","tooltip_url":"https:\/\/lagom.rsstudio.net\/docs\/website-builder\/section-features\/#feature-columns"},{"type":"select","name":"cols_tab_h","label":"Columns on tablet horizontal","container_class":"col-sm-3","options":[{"name":"1","value":"1","default":true},{"name":"2","value":"2"}],"tooltip":"Specify the number of columns for features displayed on screens with widths ranging from 992px to 1319px.","tooltip_url":"https:\/\/lagom.rsstudio.net\/docs\/website-builder\/section-features\/#feature-columns"},{"type":"select","name":"cols_tab_v","label":"Columns on tablet vertical","container_class":"col-sm-3","options":[{"name":"1","value":"1","default":true},{"name":"2","value":"2"}],"tooltip":"Choose the number of columns for features displayed on screens with widths ranging from 768px to 991px.","tooltip_url":"https:\/\/lagom.rsstudio.net\/docs\/website-builder\/section-features\/#feature-columns"},{"type":"select","name":"cols_mob","label":"Columns on mobile","container_class":"col-sm-3","options":[{"name":"1","value":"1","default":true},{"name":"2","value":"2"}],"tooltip":"Set amount of columns with features, shown on screens with width smaller than 767px.","tooltip_url":"https:\/\/lagom.rsstudio.net\/docs\/website-builder\/section-features\/#feature-columns"},{"type":"subsection","name":"subsection","label":"Section Actions","collapse":false},{"type":"buttons","name":"buttons","label":"Buttons","tooltip":"Create and assign custom buttons to this section with ease. Boost user engagement and enhance website conversion with effective call-to-action buttons.","tooltip_url":"https:\/\/lagom.rsstudio.net\/docs\/website-builder\/section-common-settings\/#button-manager"},{"type":"checkbox","name":"show_product_pricing","label":"Display starting price of selected product\/product group","label_attributes":[{"name":"toggle","value":"lu-collapse"},{"name":"target","value":"#show_product_pricing"}],"tooltip":"When \"Display starting price of selected product group\" is activated, additional field with product groups will be shown. This field displays \"starting price\" from the selected product group.","tooltip_url":"https:\/\/lagom.rsstudio.net\/docs\/website-builder\/website-builder\/section-features-sides\/#section-actions"},{"type":"select","name":"product_group_pricing","container_id":"show_product_pricing","container_collapse":true,"container_collapse_target":"show_product_pricing"},{"type":"subsection","name":"subsection","label":"Advanced Section Settings","collapse":true},{"type":"checkbox","name":"combined","label":"Combine this section with section below","attributes":[{"name":"uncheck-switcher","value":["overlay"]}],"tooltip":"Eliminate bottom padding and borders from this section, allowing the fusion of these two sections. It`s recommended to apply identical \"Section Style\" in the \"Section Panel\" for seamless integration.","tooltip_url":"https:\/\/lagom.rsstudio.net\/docs\/website-builder\/section-common-settings\/#combine-sections"},{"type":"checkbox","name":"overlay","label":"Overlay section below on this section","attributes":[{"name":"uncheck-switcher","value":["combined"]}],"tooltip":"This configuration pulls the section below over the currently managed section while adding an extra 200px padding at the bottom. You can adjust the pixel value by customizing the <b>--cms-section-overlay-margin<\/b> CSS variable through custom CSS rules.","tooltip_url":"https:\/\/lagom.rsstudio.net\/docs\/website-builder\/section-common-settings\/#overlay-sections"},{"type":"text","name":"section_anchor","label":"Section anchor","placeholder":"Enter anchor...","tooltip":"Assign special names to section anchors. This makes it easy to guide people to specific parts of the page when you share links","tooltip_url":"https:\/\/lagom.rsstudio.net\/docs\/website-builder\/section-common-settings\/#section-anchor"},{"type":"text","name":"custom_class","label":"Section custom class","placeholder":"Enter class...","tooltip":"This setting allows you to assign custom classes to the section container. You can input your own CSS class here and then apply the necessary styling in the <b>theme-custom.css<\/b> file.","tooltip_url":"https:\/\/lagom.rsstudio.net\/docs\/website-builder\/section-common-settings\/#section-custom-class"}],"template":"\/var\/www\/templates\/lagom2\/core\/cms\/sections\/config\/features-sides\/features-sides.tpl","cache":true,"thumb":"thumb.png"},"page_id":160,"visibility":1,"theme":"default","order":2,"created_at":"2023-06-24T10:10:12.000000Z","updated_at":"2023-06-27T08:59:00.000000Z","lang":{"english":{"id":646,"translation":{"caption":"Section Features Sides - One Colum, Left Icon","title":"Features on left section side in one colum","subtitle":"","title_position":"inside","desc":"Features located on left section side, with left aligned icon in default size and bordered style.","features":[{"index":"1","position":"1","title":"Fast & Reliable","description":"If a scan finds anything, SiteLock will safely remove any known malware automatically.","custom_classes":"","show_icon":"1","icon":"64-rocket-server-fast.tpl","link_text":"","link_type":"custom-url","show_link":"0","custom_url":"","target_blank":"0","url":""},{"index":"2","position":"2","title":"Super Easy to Use","description":"Automatically checks your applications to ensure they are up-to-date and secured against known vulnerabilities.","custom_classes":"","show_icon":"1","icon":"prove-legitimacy.tpl","link_text":"","link_type":"custom-url","show_link":"0","custom_url":"","target_blank":"0","url":""},{"index":"3","position":"3","title":"99.99% Uptime Guaranteed","description":"Automatically checks your applications to ensure they are up-to-date and secured against known vulnerabilities.","custom_classes":"","show_icon":"1","icon":"64-uptime.tpl","link_text":"","link_type":"custom-url","show_link":"0","custom_url":"","target_blank":"0","url":""}],"features_size":"default","features_icon_position":"left","features_position":"left","features_style":"bordered","cols_desktop":"1","cols_tab_h":"1","cols_tab_v":"1","cols_mob":"1","buttons":[{"index":"1","position":"1","custom_classes":"","show_icon":"0","font-icon":"undefined","link_type":"custom-url","custom_url":"#","style":"solid","size":"large","type":"primary","text":"Get Started Now","target_blank":"0","url":"#"}],"show_product_pricing":"0","product_group_pricing":"none","combined":"0","overlay":"0","section_anchor":"","custom_class":""}}},"translations":[{"id":646,"section_id":643,"lang":"english","values":{"caption":"Section Features Sides - One Colum, Left Icon","title":"Features on left section side in one colum","subtitle":"","title_position":"inside","desc":"Features located on left section side, with left aligned icon in default size and bordered style.","features":[{"index":"1","position":"1","title":"Fast & Reliable","description":"If a scan finds anything, SiteLock will safely remove any known malware automatically.","custom_classes":"","show_icon":"1","icon":"64-rocket-server-fast.tpl","link_text":"","link_type":"custom-url","show_link":"0","custom_url":"","target_blank":"0"},{"index":"2","position":"2","title":"Super Easy to Use","description":"Automatically checks your applications to ensure they are up-to-date and secured against known vulnerabilities.","custom_classes":"","show_icon":"1","icon":"prove-legitimacy.tpl","link_text":"","link_type":"custom-url","show_link":"0","custom_url":"","target_blank":"0"},{"index":"3","position":"3","title":"99.99% Uptime Guaranteed","description":"Automatically checks your applications to ensure they are up-to-date and secured against known vulnerabilities.","custom_classes":"","show_icon":"1","icon":"64-uptime.tpl","link_text":"","link_type":"custom-url","show_link":"0","custom_url":"","target_blank":"0"}],"features_size":"default","features_icon_position":"left","features_position":"left","features_style":"bordered","cols_desktop":"1","cols_tab_h":"1","cols_tab_v":"1","cols_mob":"1","buttons":[{"index":"1","position":"1","custom_classes":"","show_icon":"0","font-icon":"undefined","link_type":"custom-url","custom_url":"#","style":"solid","size":"large","type":"primary","text":"Get Started Now","target_blank":"0"}],"show_product_pricing":"0","product_group_pricing":"none","combined":"0","overlay":"0","section_anchor":"","custom_class":""},"created_at":"2023-06-24T10:10:12.000000Z","updated_at":"2023-06-24T10:27:58.000000Z"}]}