{"id":554,"type":{"default_type":true,"name":"Products","slug":"products","fields":[{"type":"subsection","name":"subsection","label":"Section Description","collapse":false},{"type":"text","name":"caption","label":"Caption","placeholder":"Enter caption...","tooltip":"Provide a brief section caption to appear above the main title in a smaller font. You can skip this if you don`t wish to display this element.","tooltip_url":"https:\/\/lagom.rsstudio.net\/docs\/website-builder\/section-products\/#section-description"},{"type":"text","name":"title","label":"Title","placeholder":"Enter title...","tooltip":"Elevate page clarity and visual hierarchy using section titles. Optionally skip for not displaying this element.","tooltip_url":"https:\/\/lagom.rsstudio.net\/docs\/website-builder\/section-products\/#section-description"},{"type":"text-editor","name":"subtitle","label":"Subtitle","placeholder":"Enter subtitle...","tooltip":"Add concise text to clarify section content, enhancing context and user understanding. You can skip this if you don`t wish to display this element.","tooltip_url":"https:\/\/lagom.rsstudio.net\/docs\/website-builder\/section-products\/#section-description"},{"type":"subsection","name":"subsection","label":"Product List","collapse":false},{"type":"group-input","name":"products_group","label":"Group products in multiple tabs","grouped":false,"group_forced":false,"fields":[{"type":"product","name":"products_list","label":"Products","tooltip":"Shows a list of products added to this section for display on the website. You can easily arrange them by dragging and dropping, adjusting their order as you like.","tooltip_url":"https:\/\/lagom.rsstudio.net\/docs\/website-builder\/section-products\/#products"}],"tooltip":"This option enables you to generate multiple product groups, which will subsequently appear on the frontend as distinct tabs.","tooltip_url":"https:\/\/lagom.rsstudio.net\/docs\/website-builder\/section-products\/#group-products","group_section":"products"},{"type":"subsection","name":"subsection","label":"Product Settings","collapse":true},{"type":"select","name":"type","label":"Product type","container_class":"col-sm-6","options":[{"name":"Type 1 - Vertical aligned products","value":"default"},{"name":"Type 2 - Vertical aligned small products","value":"condensed"},{"name":"Type 3 - Horizontal aligned products","value":"horizontal"},{"name":"Type 4 - Graphic product, without description","value":"graphic"}],"tooltip":"Choose the appearance of the product boxes on your generated website page by selecting one of the predefined types from the provided list.","tooltip_url":"https:\/\/lagom.rsstudio.net\/docs\/website-builder\/section-products\/#product-type"},{"type":"select","name":"style","label":"Product style","container_class":"col-sm-6","options":[{"name":"Bordered","value":"bordered"},{"name":"Boxed","value":"boxed"}],"tooltip":"Choose the style for the created packages to determine how you want them to be displayed on the generated website page.","tooltip_url":"https:\/\/lagom.rsstudio.net\/docs\/website-builder\/section-products\/#product-style"},{"type":"checkbox","name":"display_package_slider","label":"Display product slider on selected resolutions","label_attributes":[{"name":"toggle","value":"lu-collapse"},{"name":"target","value":"#display_package_slider"}],"tooltip":"Decide when the product packages will appear as a sliding display on different screen sizes. This is useful when you have many products to show and want to avoid making the page too long..","tooltip_url":"https:\/\/lagom.rsstudio.net\/docs\/website-builder\/section-products\/#product-slider"},{"type":"multiselect","name":"package_slider","container_id":"display_package_slider","container_collapse":true,"container_collapse_target":"display_package_slider","attributes":[{"name":"selectize-all"}],"options":[{"name":"All","value":"all","default":true},{"name":"Desktop","value":"desktop"},{"name":"Tablet Horizontal","value":"tab-h"},{"name":"Tablet Vertical","value":"tab-v"},{"name":"Mobile","value":"mob"}]},{"type":"checkbox","name":"display_billing_cycle","label":"Display billing cycle switcher with selected cycles","label_attributes":[{"name":"toggle","value":"lu-collapse"},{"name":"target","value":"#display_billing_cycle"}],"attributes":[{"name":"billing-cycle-switcher"}],"tooltip":"This option enables you to display multiple billing cycle options for \"Product\" packages, so your customers can compare the pricing between different billing cycles","tooltip_url":"https:\/\/lagom.rsstudio.net\/docs\/website-builder\/section-products\/#product-billing-switcher"},{"type":"multiselect","name":"billing_cycle","container_id":"display_billing_cycle","container_collapse":true,"container_collapse_target":"display_billing_cycle","attributes":[{"name":"billing-cycle-select"},{"name":"selectize-all"}],"options":[{"name":"All","value":"all","default":true},{"name":"Monthly","value":"monthly"},{"name":"Quarterly","value":"quarterly"},{"name":"Semiannually","value":"semiannually"},{"name":"Annually","value":"annually"},{"name":"Biennially","value":"biennially"},{"name":"Triennially","value":"triennially"}]},{"type":"checkbox","name":"hide_starting_from","label":"Hide starting form text","tooltip":"When this option is enabled, product will not show \"Starting from\" text above the pricing. This text is shown by WHMCS system, where product has configurable options assigned.","tooltip_url":"https:\/\/lagom.rsstudio.net\/docs\/website-builder\/section-products\/#hide-starting-from"},{"type":"select","name":"cols_desktop","label":"Columns on desktop","container_class":"col-sm-3","options":[{"name":"1","value":"1"},{"name":"2","value":"2"},{"name":"3","value":"3"},{"name":"4","value":"4","default":true},{"name":"5","value":"5"},{"name":"6","value":"6"}],"tooltip":"efine the number of columns for features displayed on screens wider than 1320px.","tooltip_url":"https:\/\/lagom.rsstudio.net\/docs\/website-builder\/section-products\/#products-columns"},{"type":"select","name":"cols_tab_h","label":"Columns on tablet horizontal","container_class":"col-sm-3","options":[{"name":"1","value":"1"},{"name":"2","value":"2"},{"name":"3","value":"3"},{"name":"4","value":"4","default":true},{"name":"5","value":"5"},{"name":"6","value":"6"}],"tooltip":"Specify the number of columns for features displayed on screens with widths ranging from 992px to 1319px.","tooltip_url":"https:\/\/lagom.rsstudio.net\/docs\/website-builder\/section-products\/#products-columns"},{"type":"select","name":"cols_tab_v","label":"Columns on tablet vertical","container_class":"col-sm-3","options":[{"name":"1","value":"1"},{"name":"2","value":"2","default":true},{"name":"3","value":"3"},{"name":"4","value":"4"}],"tooltip":"Choose the number of columns for features displayed on screens with widths ranging from 768px to 991px.","tooltip_url":"https:\/\/lagom.rsstudio.net\/docs\/website-builder\/section-products\/#products-columns"},{"type":"select","name":"cols_mob","label":"Columns on mobile","container_class":"col-sm-3","options":[{"name":"1","value":"1"},{"name":"2","value":"2"}],"tooltip":"Set amount of columns with features, shown on screens with width smaller than 767px.","tooltip_url":"https:\/\/lagom.rsstudio.net\/docs\/website-builder\/section-products\/#products-columns"},{"type":"subsection","name":"subsection","label":"Section Actions","collapse":true},{"type":"buttons","name":"buttons","label":"Buttons","tooltip":"Create and assign custom buttons to this section with ease. Boost user engagement and enhance website conversion with effective call-to-action buttons.","tooltip_url":"https:\/\/lagom.rsstudio.net\/docs\/website-builder\/section-common-settings\/#button-manager"},{"type":"subsection","name":"subsection","label":"Advanced Section Settings","collapse":true},{"type":"checkbox","name":"combined","label":"Combine this section with section below","attributes":[{"name":"uncheck-switcher","value":["overlay"]}],"tooltip":"Eliminate bottom padding and borders from this section, allowing the fusion of these two sections. It`s recommended to apply identical \"Section Style\" in the \"Section Panel\" for seamless integration.","tooltip_url":"https:\/\/lagom.rsstudio.net\/docs\/website-builder\/section-common-settings\/#combine-sections"},{"type":"checkbox","name":"overlay","label":"Overlay section below on this section","attributes":[{"name":"uncheck-switcher","value":["combined"]}],"tooltip":"This configuration pulls the section below over the currently managed section while adding an extra 200px padding at the bottom. You can adjust the pixel value by customizing the <b>--cms-section-overlay-margin<\/b> CSS variable through custom CSS rules.","tooltip_url":"https:\/\/lagom.rsstudio.net\/docs\/website-builder\/section-common-settings\/#overlay-sections"},{"type":"text","name":"package_custom_classes","label":"Product custom class","placeholder":"Enter class...","tooltip":"Assign custom class to all product items generated in this section."},{"type":"text","name":"section_anchor","label":"Section anchor","placeholder":"Enter anchor...","tooltip":"Assign special names to section anchors. This makes it easy to guide people to specific parts of the page when you share links","tooltip_url":"https:\/\/lagom.rsstudio.net\/docs\/website-builder\/section-common-settings\/#section-anchor"},{"type":"text","name":"custom_class","label":"Section custom class","placeholder":"Enter class...","tooltip":"This setting allows you to assign custom classes to the section container. You can input your own CSS class here and then apply the necessary styling in the <b>theme-custom.css<\/b> file.","tooltip_url":"https:\/\/lagom.rsstudio.net\/docs\/website-builder\/section-common-settings\/#section-custom-class"}],"template":"\/var\/www\/templates\/lagom2\/core\/cms\/sections\/config\/products\/products.tpl","cache":["product","product_price_refresh"],"thumb":"thumb.png"},"page_id":164,"visibility":1,"theme":"default","order":13,"created_at":"2023-06-16T08:52:20.000000Z","updated_at":"2023-08-24T12:10:09.000000Z","lang":{"english":{"id":557,"translation":{"caption":"","title":"Available SSL certificates","subtitle":"","products_group":{"grouped":"1","group_forced":"0","groups":{"1":{"group_index":"1","group_name":"All Types","group_order":"1","fields":{"products_list":[{"index":"1","position":"1","custom_classes":"","show_icon":"1","media":"logo-rapidssl.svg","group_id":"7","product_id":"29","custom_multi_price":"undefined","title":"RapidSSL","description":"RapidSSL\u00ae Certificates help you keep your customers' transactions secure with up to 256-bit data encryption and site authentication. Buy a certificate and speed through enrollment with automated domain control validation. Best of all, our SSL certificates are among the most affordable in the industry. We keep our costs down and pass the savings on to you."},{"index":"2","position":"2","custom_classes":"","show_icon":"1","media":"logo-rapidssl.svg","group_id":"7","product_id":"30","custom_multi_price":"undefined","title":"RapidSSL Wildcard","description":"RapidSSL\u00ae Wildcard Certificates help you secure multiple subdomains with one low-cost SSL certificate issued to *.yourdomain.com. Protect your customers' personal data with up to 256-bit encryption. Automated domain control validation makes site authentication a breeze. At RapidSSL, we believe in providing the SSL protection you need at a competitive price."},{"index":"3","position":"3","custom_classes":"","show_icon":"1","media":"logo-geotrust.svg","group_id":"7","product_id":"31","custom_multi_price":"undefined","title":"GeoTrust QuickSSL Premium","description":"Secure your website fast. GeoTrust\u00ae QuickSSL\u00ae Premium certificates are one of the quickest ways for you to start protecting online transactions and applications with SSL. With an automatic authentication and issuance process, it takes just minutes to get your QuickSSL Premium SSL certificate. After that, managing and renewing your certificates is a snap. With GeoTrust, you get inexpensive SSL without sacrificing convenience, choice, or reliability."},{"index":"4","position":"4","custom_classes":"","show_icon":"1","media":"logo-geotrust.svg","group_id":"7","product_id":"32","custom_multi_price":"undefined","title":"GeoTrust QuickSSL Premium Wildcard","description":"Secure your domain and all same level subdomains fast. GeoTrust QuickSSL Premium Wildcard certificates are one of the quickest ways to start protecting all your subdomains on a single certificate. Our automated email authentication process means you get your certificate in minutes. With QuickSSL Premium wildcard certificates, you get unlimited subdomains and on an unlimited number of servers - one certificate that will adapt as your business grows."},{"index":"5","position":"5","custom_classes":"","show_icon":"1","media":"logo-geotrust.svg","group_id":"7","product_id":"33","custom_multi_price":"undefined","title":"GeoTrust True BusinessID","description":"Business-class SSL\u2014only better. When it comes to selecting SSL security for your business, you have a lot of choices. With GeoTrust, the decision is easy. GeoTrust\u00ae True BusinessID SSL certificates let your customers know that your site is trustworthy and that you take their security seriously enough to get your certificate from a globally trusted certificate authority."},{"index":"6","position":"6","custom_classes":"","show_icon":"1","media":"logo-geotrust.svg","group_id":"7","product_id":"34","title":"GeoTrust True Business ID with EV","description":"Make a strong security statement with the green address bar. GeoTrust\u00ae True BusinessID with EV (Extended Validation) is our premium business-class SSL security product, visually confirming the highest level of authentication available among SSL certificates. The green bar says it all. Web site visitors really notice when the address bar turns green in their high-security browsers and the organization field starts to rotate between your business name and GeoTrust."},{"index":"7","position":"7","custom_classes":"","show_icon":"1","media":"logo-geotrust.svg","group_id":"7","product_id":"35","custom_multi_price":"undefined","title":"GeoTrust True Business ID Wildcard","description":"Simplify certificate management with the convenience of a Wildcard certificate. GeoTrust\u00ae True BusinessID Wildcard certificates allow you to secure multiple subdomains on a single certificate, reducing management time and cost. Whether it's your company's home page or your mail server's hostname, protecting sensitive information is your goal \u2014 and it's our goal too."},{"index":"8","position":"8","custom_classes":"","show_icon":"1","media":"logo-digicert.svg","group_id":"7","product_id":"36","title":"Secure Site SSL","description":"Protect your website or email traffic with industrial-strength 2048-bit encryption with a Secure Site SSL Certificate."},{"index":"9","position":"9","custom_classes":"","show_icon":"1","media":"logo-digicert.svg","group_id":"7","product_id":"37","custom_multi_price":"undefined","title":"Secure Site Pro","description":"With Secure Site Pro SSL offer high-assurance certificate with added features for comprehensive website security."},{"index":"10","position":"10","custom_classes":"","show_icon":"1","media":"logo-digicert.svg","group_id":"7","product_id":"38","custom_multi_price":"undefined","title":"Secure Site EV SSL","description":"Secure Site Extended Validation (EV) SSL Certificates protect your most valuable assets\u2013your customers and your brand\u2013from phishing scams and online fraud."},{"index":"11","position":"11","custom_classes":"","show_icon":"1","media":"logo-digicert.svg","group_id":"7","product_id":"39","custom_multi_price":"undefined","title":"Secure Site Pro EV","description":"Secure Site Pro EV SSL is the highest authentication with extra features for comprehensive website security and robust protection against identity-targeted attacks."}]}},"2":{"group_index":"2","group_name":"Domain Validation","group_order":"2","fields":{"products_list":[{"index":"1","position":"1","custom_classes":"","show_icon":"1","media":"logo-rapidssl.svg","group_id":"7","product_id":"29","title":"RapidSSL","description":"RapidSSL\u00ae Certificates help you keep your customers' transactions secure with up to 256-bit data encryption and site authentication. Buy a certificate and speed through enrollment with automated domain control validation. Best of all, our SSL certificates are among the most affordable in the industry. We keep our costs down and pass the savings on to you."},{"index":"2","position":"2","custom_classes":"","show_icon":"1","media":"logo-geotrust.svg","group_id":"7","product_id":"31","title":"GeoTrust QuickSSL Premium","description":"Secure your website fast. GeoTrust\u00ae QuickSSL\u00ae Premium certificates are one of the quickest ways for you to start protecting online transactions and applications with SSL. With an automatic authentication and issuance process, it takes just minutes to get your QuickSSL Premium SSL certificate. After that, managing and renewing your certificates is a snap. With GeoTrust, you get inexpensive SSL without sacrificing convenience, choice, or reliability."}]}},"3":{"group_index":"3","group_name":"Organization Validation","group_order":"3","fields":{"products_list":[{"index":"1","position":"1","custom_classes":"","show_icon":"1","media":"logo-geotrust.svg","group_id":"7","product_id":"33","custom_multi_price":"{\"annually\":{\"before\":\"\",\"after\":\"\",\"label\":\"\"},\"biennially\":{\"before\":\"\",\"after\":\"\",\"label\":\"\"},\"triennially\":{\"before\":\"\",\"after\":\"\",\"label\":\"\"}}","title":"GeoTrust True BusinessID","description":"Business-class SSL\u2014only better. When it comes to selecting SSL security for your business, you have a lot of choices. With GeoTrust, the decision is easy. GeoTrust\u00ae True BusinessID SSL certificates let your customers know that your site is trustworthy and that you take their security seriously enough to get your certificate from a globally trusted certificate authority."},{"index":"2","position":"2","custom_classes":"","show_icon":"1","media":"logo-digicert.svg","group_id":"7","product_id":"36","custom_multi_price":"{\"annually\":{\"before\":\"\",\"after\":\"\",\"label\":\"\"},\"biennially\":{\"before\":\"\",\"after\":\"\",\"label\":\"\"},\"triennially\":{\"before\":\"\",\"after\":\"\",\"label\":\"\"}}","title":"Secure Site SSL","description":"Protect your website or email traffic with industrial-strength 2048-bit encryption with a Secure Site SSL Certificate."},{"index":"3","position":"3","custom_classes":"","show_icon":"1","media":"logo-digicert.svg","group_id":"7","product_id":"37","custom_multi_price":"{\"annually\":{\"before\":\"\",\"after\":\"\",\"label\":\"\"},\"biennially\":{\"before\":\"\",\"after\":\"\",\"label\":\"\"},\"triennially\":{\"before\":\"\",\"after\":\"\",\"label\":\"\"}}","title":"Secure Site Pro","description":"With Secure Site Pro SSL offer high-assurance certificate with added features for comprehensive website security."}]}},"4":{"group_index":"4","group_name":"Extended Validation","group_order":"4","fields":{"products_list":[{"index":"1","position":"1","custom_classes":"","show_icon":"1","media":"logo-geotrust.svg","group_id":"7","product_id":"34","custom_price_before":"undefined","custom_price_after":"undefined","custom_price_label":"undefined","custom_multi_price":"{\"annually\":{\"before\":\"\",\"after\":\"\",\"label\":\"\"},\"biennially\":{\"before\":\"\",\"after\":\"\",\"label\":\"\"},\"triennially\":{\"before\":\"\",\"after\":\"\",\"label\":\"\"}}","title":"GeoTrust True Business ID with EV","description":"Make a strong security statement with the green address bar. GeoTrust\u00ae True BusinessID with EV (Extended Validation) is our premium business-class SSL security product, visually confirming the highest level of authentication available among SSL certificates. The green bar says it all. Web site visitors really notice when the address bar turns green in their high-security browsers and the organization field starts to rotate between your business name and GeoTrust."},{"index":"2","position":"2","custom_classes":"","show_icon":"1","media":"logo-digicert.svg","group_id":"7","product_id":"38","custom_price_before":"undefined","custom_price_after":"undefined","custom_price_label":"undefined","custom_multi_price":"{\"annually\":{\"before\":\"\",\"after\":\"\",\"label\":\"\"},\"biennially\":{\"before\":\"\",\"after\":\"\",\"label\":\"\"},\"triennially\":{\"before\":\"\",\"after\":\"\",\"label\":\"\"}}","title":"Secure Site EV SSL","description":"Secure Site Extended Validation (EV) SSL Certificates protect your most valuable assets\u2013your customers and your brand\u2013from phishing scams and online fraud."},{"index":"3","position":"3","custom_classes":"","show_icon":"1","media":"logo-digicert.svg","group_id":"7","product_id":"39","custom_price_before":"undefined","custom_price_after":"undefined","custom_price_label":"undefined","custom_multi_price":"{\"annually\":{\"before\":\"\",\"after\":\"\",\"label\":\"\"},\"biennially\":{\"before\":\"\",\"after\":\"\",\"label\":\"\"},\"triennially\":{\"before\":\"\",\"after\":\"\",\"label\":\"\"}}","title":"Secure Site Pro EV","description":"Secure Site Pro EV SSL is the highest authentication with extra features for comprehensive website security and robust protection against identity-targeted attacks."}]}},"5":{"group_index":"5","group_name":"Wildcard","group_order":"5","fields":{"products_list":[{"index":"1","position":"1","custom_classes":"","show_icon":"1","media":"logo-rapidssl.svg","group_id":"7","product_id":"30","custom_price_before":"undefined","custom_price_after":"undefined","custom_price_label":"undefined","custom_multi_price":"{\"annually\":{\"before\":\"\",\"after\":\"\",\"label\":\"\"},\"biennially\":{\"before\":\"\",\"after\":\"\",\"label\":\"\"},\"triennially\":{\"before\":\"\",\"after\":\"\",\"label\":\"\"}}","title":"RapidSSL Wildcard","description":"RapidSSL\u00ae Wildcard Certificates help you secure multiple subdomains with one low-cost SSL certificate issued to *.yourdomain.com. Protect your customers' personal data with up to 256-bit encryption. Automated domain control validation makes site authentication a breeze. At RapidSSL, we believe in providing the SSL protection you need at a competitive price."},{"index":"2","position":"2","custom_classes":"","show_icon":"1","media":"logo-geotrust.svg","group_id":"7","product_id":"32","custom_price_before":"undefined","custom_price_after":"undefined","custom_price_label":"undefined","custom_multi_price":"{\"annually\":{\"before\":\"\",\"after\":\"\",\"label\":\"\"},\"biennially\":{\"before\":\"\",\"after\":\"\",\"label\":\"\"},\"triennially\":{\"before\":\"\",\"after\":\"\",\"label\":\"\"}}","title":"GeoTrust QuickSSL Premium Wildcard","description":"Secure your domain and all same level subdomains fast. GeoTrust QuickSSL Premium Wildcard certificates are one of the quickest ways to start protecting all your subdomains on a single certificate. Our automated email authentication process means you get your certificate in minutes. With QuickSSL Premium wildcard certificates, you get unlimited subdomains and on an unlimited number of servers - one certificate that will adapt as your business grows."},{"index":"3","position":"3","custom_classes":"","show_icon":"1","media":"logo-geotrust.svg","group_id":"7","product_id":"35","custom_multi_price":"{\"annually\":{\"before\":\"\",\"after\":\"\",\"label\":\"\"},\"biennially\":{\"before\":\"\",\"after\":\"\",\"label\":\"\"},\"triennially\":{\"before\":\"\",\"after\":\"\",\"label\":\"\"}}","title":"GeoTrust True Business ID Wildcard","description":"Simplify certificate management with the convenience of a Wildcard certificate. GeoTrust\u00ae True BusinessID Wildcard certificates allow you to secure multiple subdomains on a single certificate, reducing management time and cost. Whether it's your company's home page or your mail server's hostname, protecting sensitive information is your goal \u2014 and it's our goal too."}]}}},"new_group_index":6},"type":"horizontal","style":"boxed","display_package_slider":"0","package_slider":"all","display_billing_cycle":"1","billing_cycle":"annually,biennially,triennially","hide_starting_from":"0","cols_desktop":"2","cols_tab_h":"2","cols_tab_v":"2","cols_mob":"1","buttons":"","combined":"0","overlay":"0","package_custom_classes":"","section_anchor":"","custom_class":""}}},"translations":[{"id":557,"section_id":554,"lang":"english","values":{"caption":"","title":"Available SSL certificates","subtitle":"","products_group":{"group_forced":"0","grouped":"1","groups":{"1":{"group_name":"All Types","group_order":"1","group_index":"1","fields":{"products_list":[{"index":"1","position":"1","custom_classes":"","show_icon":"1","media":"logo-rapidssl.svg","group_id":"7","product_id":"29","custom_multi_price":"undefined"},{"index":"2","position":"2","custom_classes":"","show_icon":"1","media":"logo-rapidssl.svg","group_id":"7","product_id":"30","custom_multi_price":"undefined"},{"index":"3","position":"3","custom_classes":"","show_icon":"1","media":"logo-geotrust.svg","group_id":"7","product_id":"31","custom_multi_price":"undefined"},{"index":"4","position":"4","custom_classes":"","show_icon":"1","media":"logo-geotrust.svg","group_id":"7","product_id":"32","custom_multi_price":"undefined"},{"index":"5","position":"5","custom_classes":"","show_icon":"1","media":"logo-geotrust.svg","group_id":"7","product_id":"33","custom_multi_price":"undefined"},{"index":"6","position":"6","custom_classes":"","show_icon":"1","media":"logo-geotrust.svg","group_id":"7","product_id":"34"},{"index":"7","position":"7","custom_classes":"","show_icon":"1","media":"logo-geotrust.svg","group_id":"7","product_id":"35","custom_multi_price":"undefined"},{"index":"8","position":"8","custom_classes":"","show_icon":"1","media":"logo-digicert.svg","group_id":"7","product_id":"36"},{"index":"9","position":"9","custom_classes":"","show_icon":"1","media":"logo-digicert.svg","group_id":"7","product_id":"37","custom_multi_price":"undefined"},{"index":"10","position":"10","custom_classes":"","show_icon":"1","media":"logo-digicert.svg","group_id":"7","product_id":"38","custom_multi_price":"undefined"},{"index":"11","position":"11","custom_classes":"","show_icon":"1","media":"logo-digicert.svg","group_id":"7","product_id":"39","custom_multi_price":"undefined"}]}},"2":{"group_name":"Domain Validation","group_order":"2","group_index":"2","fields":{"products_list":[{"index":"1","position":"1","custom_classes":"","show_icon":"1","media":"logo-rapidssl.svg","group_id":"7","product_id":"29"},{"index":"2","position":"2","custom_classes":"","show_icon":"1","media":"logo-geotrust.svg","group_id":"7","product_id":"31"}]}},"3":{"group_name":"Organization Validation","group_order":"3","group_index":"3","fields":{"products_list":[{"index":"1","position":"1","custom_classes":"","show_icon":"1","media":"logo-geotrust.svg","group_id":"7","product_id":"33","custom_multi_price":"{\"annually\":{\"before\":\"\",\"after\":\"\",\"label\":\"\"},\"biennially\":{\"before\":\"\",\"after\":\"\",\"label\":\"\"},\"triennially\":{\"before\":\"\",\"after\":\"\",\"label\":\"\"}}"},{"index":"2","position":"2","custom_classes":"","show_icon":"1","media":"logo-digicert.svg","group_id":"7","product_id":"36","custom_multi_price":"{\"annually\":{\"before\":\"\",\"after\":\"\",\"label\":\"\"},\"biennially\":{\"before\":\"\",\"after\":\"\",\"label\":\"\"},\"triennially\":{\"before\":\"\",\"after\":\"\",\"label\":\"\"}}"},{"index":"3","position":"3","custom_classes":"","show_icon":"1","media":"logo-digicert.svg","group_id":"7","product_id":"37","custom_multi_price":"{\"annually\":{\"before\":\"\",\"after\":\"\",\"label\":\"\"},\"biennially\":{\"before\":\"\",\"after\":\"\",\"label\":\"\"},\"triennially\":{\"before\":\"\",\"after\":\"\",\"label\":\"\"}}"}]}},"4":{"group_name":"Extended Validation","group_order":"4","group_index":"4","fields":{"products_list":[{"index":"1","position":"1","custom_classes":"","show_icon":"1","media":"logo-geotrust.svg","group_id":"7","product_id":"34","custom_price_before":"undefined","custom_price_after":"undefined","custom_price_label":"undefined","custom_multi_price":"{\"annually\":{\"before\":\"\",\"after\":\"\",\"label\":\"\"},\"biennially\":{\"before\":\"\",\"after\":\"\",\"label\":\"\"},\"triennially\":{\"before\":\"\",\"after\":\"\",\"label\":\"\"}}"},{"index":"2","position":"2","custom_classes":"","show_icon":"1","media":"logo-digicert.svg","group_id":"7","product_id":"38","custom_price_before":"undefined","custom_price_after":"undefined","custom_price_label":"undefined","custom_multi_price":"{\"annually\":{\"before\":\"\",\"after\":\"\",\"label\":\"\"},\"biennially\":{\"before\":\"\",\"after\":\"\",\"label\":\"\"},\"triennially\":{\"before\":\"\",\"after\":\"\",\"label\":\"\"}}"},{"index":"3","position":"3","custom_classes":"","show_icon":"1","media":"logo-digicert.svg","group_id":"7","product_id":"39","custom_price_before":"undefined","custom_price_after":"undefined","custom_price_label":"undefined","custom_multi_price":"{\"annually\":{\"before\":\"\",\"after\":\"\",\"label\":\"\"},\"biennially\":{\"before\":\"\",\"after\":\"\",\"label\":\"\"},\"triennially\":{\"before\":\"\",\"after\":\"\",\"label\":\"\"}}"}]}},"5":{"group_name":"Wildcard","group_order":"5","group_index":"5","fields":{"products_list":[{"index":"1","position":"1","custom_classes":"","show_icon":"1","media":"logo-rapidssl.svg","group_id":"7","product_id":"30","custom_price_before":"undefined","custom_price_after":"undefined","custom_price_label":"undefined","custom_multi_price":"{\"annually\":{\"before\":\"\",\"after\":\"\",\"label\":\"\"},\"biennially\":{\"before\":\"\",\"after\":\"\",\"label\":\"\"},\"triennially\":{\"before\":\"\",\"after\":\"\",\"label\":\"\"}}"},{"index":"2","position":"2","custom_classes":"","show_icon":"1","media":"logo-geotrust.svg","group_id":"7","product_id":"32","custom_price_before":"undefined","custom_price_after":"undefined","custom_price_label":"undefined","custom_multi_price":"{\"annually\":{\"before\":\"\",\"after\":\"\",\"label\":\"\"},\"biennially\":{\"before\":\"\",\"after\":\"\",\"label\":\"\"},\"triennially\":{\"before\":\"\",\"after\":\"\",\"label\":\"\"}}"},{"index":"3","position":"3","custom_classes":"","show_icon":"1","media":"logo-geotrust.svg","group_id":"7","product_id":"35","custom_multi_price":"{\"annually\":{\"before\":\"\",\"after\":\"\",\"label\":\"\"},\"biennially\":{\"before\":\"\",\"after\":\"\",\"label\":\"\"},\"triennially\":{\"before\":\"\",\"after\":\"\",\"label\":\"\"}}"}]}}}},"type":"horizontal","style":"boxed","display_package_slider":"0","package_slider":"all","display_billing_cycle":"1","billing_cycle":"annually,biennially,triennially","hide_starting_from":"0","cols_desktop":"2","cols_tab_h":"2","cols_tab_v":"2","cols_mob":"1","buttons":"","combined":"0","overlay":"0","package_custom_classes":"","section_anchor":"","custom_class":""},"created_at":"2023-06-16T08:52:20.000000Z","updated_at":"2023-08-23T13:41:19.000000Z"}]}