{"id":555,"type":{"default_type":false,"name":"Predefined Section","slug":"predefined-section","fields":[{"type":"sections","name":"predefined_section","label":"Choose predefined section"}],"template":"\/var\/www\/templates\/lagom2\/core\/cms\/sections\/config\/predefined-section\/predefined-section.tpl","cache":true},"page_id":164,"visibility":1,"theme":"default","order":15,"created_at":"2023-06-16T09:45:57.000000Z","updated_at":"2023-08-24T12:10:09.000000Z","lang":{"english":{"id":558,"translation":{"predefined_section":"9"}}},"translations":[{"id":558,"section_id":555,"lang":"english","values":{"predefined_section":"9"},"created_at":"2023-06-16T09:45:57.000000Z","updated_at":"2023-06-16T09:45:57.000000Z"}]}