{"id":709,"type":{"default_type":true,"name":"FAQ","slug":"faq","fields":[{"type":"subsection","name":"subsection","label":"Section Description","collapse":false},{"type":"text","name":"caption","label":"Caption","placeholder":"Enter caption...","tooltip":"Provide a brief section caption to appear above the main title in a smaller font. You can skip this if you don`t wish to display this element.","tooltip_url":"https:\/\/lagom.rsstudio.net\/docs\/website-builder\/section-faq\/#section-description"},{"type":"text","name":"title","label":"Title","placeholder":"Enter title...","tooltip":"Elevate page clarity and visual hierarchy using section titles. Optionally skip for not displaying this element.","tooltip_url":"https:\/\/lagom.rsstudio.net\/docs\/website-builder\/section-faq\/#section-description"},{"type":"text-editor","name":"subtitle","label":"Subtitle","placeholder":"Enter subtitle...","tooltip":"Add concise text to clarify section content, enhancing context and user understanding. You can skip this if you don`t wish to display this element.","tooltip_url":"https:\/\/lagom.rsstudio.net\/docs\/website-builder\/section-faq\/#section-description"},{"type":"subsection","name":"subsection","label":"FAQ List","collapse":false},{"type":"group-input","name":"list_group","label":"Group section content","grouped":false,"group_forced":false,"fields":[{"type":"list","name":"list","label":"FAQ items","icons":false,"link":false,"tooltip":"Lorem Ipsum <a href=\"#\">Learn More<\/a>"}],"tooltip":"The \"Group section content\" function enables you to create multiple item groups that will be displayed on the frontend as distinct tabs.","tooltip_url":"https:\/\/lagom.rsstudio.net\/docs\/website-builder\/section-faq\/#group-section","group_section":"faq"},{"type":"subsection","name":"subsection","label":"FAQ Settings","collapse":false},{"type":"select","name":"list_type","label":"FAQ Type","container_class":"col-sm-6","options":[{"name":"Type 1 - Accordion","value":"accordion"},{"name":"Type 2 - Expanded list with fully visible title and description","value":"expanded"}],"tooltip":"Select the display type for the list of FAQ items.","tooltip_url":"https:\/\/lagom.rsstudio.net\/docs\/website-builder\/section-faq\/#faq-settings"},{"type":"select","name":"list_style","label":"FAQ item style","container_class":"col-sm-6","options":[{"name":"Default","value":"default"},{"name":"Divided","value":"divided"},{"name":"Boxed","value":"boxed"}],"tooltip":"Select the display style for the list of FAQ items.","tooltip_url":"https:\/\/lagom.rsstudio.net\/docs\/website-builder\/section-faq\/#faq-settings"},{"type":"subsection","name":"subsection","label":"Advanced Section Settings","collapse":true},{"type":"checkbox","name":"combined","label":"Combine this section with section below","attributes":[{"name":"uncheck-switcher","value":["overlay"]}],"tooltip":"Eliminate bottom padding and borders from this section, allowing the fusion of these two sections. It`s recommended to apply identical \"Section Style\" in the \"Section Panel\" for seamless integration.","tooltip_url":"https:\/\/lagom.rsstudio.net\/docs\/website-builder\/section-common-settings\/#combine-sections"},{"type":"checkbox","name":"overlay","label":"Overlay section below on this section","attributes":[{"name":"uncheck-switcher","value":["combined"]}],"tooltip":"This configuration pulls the section below over the currently managed section while adding an extra 200px padding at the bottom. You can adjust the pixel value by customizing the <b>--cms-section-overlay-margin<\/b> CSS variable through custom CSS rules.","tooltip_url":"https:\/\/lagom.rsstudio.net\/docs\/website-builder\/section-common-settings\/#overlay-sections"},{"type":"text","name":"section_anchor","label":"Section anchor","placeholder":"Enter anchor...","tooltip":"Assign special names to section anchors. This makes it easy to guide people to specific parts of the page when you share links","tooltip_url":"https:\/\/lagom.rsstudio.net\/docs\/website-builder\/section-common-settings\/#overlay-sections"},{"type":"text","name":"custom_class","label":"Section custom class","placeholder":"Enter class...","tooltip":"This setting allows you to assign custom classes to the section container. You can input your own CSS class here and then apply the necessary styling in the <b>theme-custom.css<\/b> file.","tooltip_url":"https:\/\/lagom.rsstudio.net\/docs\/website-builder\/section-common-settings\/#overlay-sections"}],"template":"\/var\/www\/templates\/lagom2\/core\/cms\/sections\/config\/faq\/faq.tpl","cache":true,"thumb":"thumb.png"},"page_id":212,"visibility":1,"theme":"default","order":9,"created_at":"2023-06-27T09:19:37.000000Z","updated_at":"2023-08-26T15:53:29.000000Z","lang":{"english":{"id":712,"translation":{"caption":"","title":"Frequently asked questions","subtitle":"","list_group":{"grouped":"0","group_forced":"0","groups":{"1":{"group_index":"1","group_name":"","group_order":"1","fields":{"list":[{"index":"4","position":"4","title":"What is SiteLock?","description":"<p>SiteLock are one of the Market Leaders in website security. They are renowned for their security products based on website scanning and malware removal and you can find their main product line in our MarketConnect suite as well.<\/p><p><br><\/p><p>Now we have chosen to offer SiteLocks VPN service independently so you can offer your clients a popular consumer VPN product to allow them to browse the web in a safe and secure manner.<\/p>","custom_classes":"","show_icon":"0","link_text":"","link_type":"custom-url","show_link":"0","custom_url":"","target_blank":"0","url":""},{"index":"5","position":"5","title":"What is a VPN?","description":"<p>A VPN (virtual private network) allows you to initiate anonymous, encrypted browsing sessions over any network connection. We conduct more personal and professional business in public places than ever before. Unfortunately, anyone else on the same public network can easily see the sites you access and information you transmit. With a SiteLock VPN you can conduct business with confidence and assurance that you are protected from prying eyes on public networks.<br><\/p>","custom_classes":"","show_icon":"0","link_text":"","link_type":"custom-url","show_link":"0","custom_url":"","target_blank":"0","url":""},{"index":"6","position":"6","title":"How it works?","description":"<p>The VPN connection is essentially a middle man for your online activity. You can establish connections through a chosen private network rather then your public address. This means that all the online data you send comes from the VPN and not your personal computer. It has been a highly popular choice for businesses engaging in online activity and has become increasing popular for personal use for the same reasons and more.<\/p><p>SiteLock VPN offers a downloadable client to establish a connection as well as allowing you to setup the connections manually in the network settings of the device. The download client and the VPN access details are found in the SIteLock control panel.<\/p><p><br><\/p>","custom_classes":"","show_icon":"0","link_text":"","link_type":"custom-url","show_link":"0","custom_url":"","target_blank":"0","url":""}]}}},"new_group_index":2},"list_type":"accordion","list_style":"boxed","combined":"0","overlay":"0","section_anchor":"","custom_class":""}}},"translations":[{"id":712,"section_id":709,"lang":"english","values":{"caption":"","title":"Frequently asked questions","subtitle":"","list_group":{"group_forced":"0","grouped":"0","groups":{"1":{"group_name":"","group_order":"1","group_index":"1","fields":{"list":[{"index":"4","position":"4","title":"What is SiteLock?","description":"<p>SiteLock are one of the Market Leaders in website security. They are renowned for their security products based on website scanning and malware removal and you can find their main product line in our MarketConnect suite as well.<\/p><p><br><\/p><p>Now we have chosen to offer SiteLocks VPN service independently so you can offer your clients a popular consumer VPN product to allow them to browse the web in a safe and secure manner.<\/p>","custom_classes":"","show_icon":"0","link_text":"","link_type":"custom-url","show_link":"0","custom_url":"","target_blank":"0"},{"index":"5","position":"5","title":"What is a VPN?","description":"<p>A VPN (virtual private network) allows you to initiate anonymous, encrypted browsing sessions over any network connection. We conduct more personal and professional business in public places than ever before. Unfortunately, anyone else on the same public network can easily see the sites you access and information you transmit. With a SiteLock VPN you can conduct business with confidence and assurance that you are protected from prying eyes on public networks.<br><\/p>","custom_classes":"","show_icon":"0","link_text":"","link_type":"custom-url","show_link":"0","custom_url":"","target_blank":"0"},{"index":"6","position":"6","title":"How it works?","description":"<p>The VPN connection is essentially a middle man for your online activity. You can establish connections through a chosen private network rather then your public address. This means that all the online data you send comes from the VPN and not your personal computer. It has been a highly popular choice for businesses engaging in online activity and has become increasing popular for personal use for the same reasons and more.<\/p><p>SiteLock VPN offers a downloadable client to establish a connection as well as allowing you to setup the connections manually in the network settings of the device. The download client and the VPN access details are found in the SIteLock control panel.<\/p><p><br><\/p>","custom_classes":"","show_icon":"0","link_text":"","link_type":"custom-url","show_link":"0","custom_url":"","target_blank":"0"}]}}}},"list_type":"accordion","list_style":"boxed","combined":"0","overlay":"0","section_anchor":"","custom_class":""},"created_at":"2023-06-27T09:19:37.000000Z","updated_at":"2023-06-27T10:57:11.000000Z"}]}