{"id":710,"type":{"default_type":false,"name":"Predefined Section","slug":"predefined-section","fields":[{"type":"sections","name":"predefined_section","label":"Choose predefined section"}],"template":"\/var\/www\/templates\/lagom2\/core\/cms\/sections\/config\/predefined-section\/predefined-section.tpl","cache":true},"page_id":212,"visibility":1,"theme":"default","order":10,"created_at":"2023-06-27T09:19:37.000000Z","updated_at":"2023-08-26T15:53:29.000000Z","lang":{"english":{"id":713,"translation":{"predefined_section":"9"}}},"translations":[{"id":713,"section_id":710,"lang":"english","values":{"predefined_section":"9"},"created_at":"2023-06-27T09:19:37.000000Z","updated_at":"2023-06-27T09:19:37.000000Z"}]}