{"id":1105,"type":{"default_type":false,"name":"Predefined Section","slug":"predefined-section","fields":[{"type":"sections","name":"predefined_section","label":"Choose predefined section"}],"template":"\/var\/www\/templates\/lagom2\/core\/cms\/sections\/config\/predefined-section\/predefined-section.tpl","cache":true},"page_id":212,"visibility":1,"theme":"default","order":8,"created_at":"2023-08-26T13:55:58.000000Z","updated_at":"2023-08-26T15:53:29.000000Z","lang":{"english":{"id":1112,"translation":{"predefined_section":"23"}}},"translations":[{"id":1112,"section_id":1105,"lang":"english","values":{"predefined_section":"23"},"created_at":"2023-08-26T13:55:58.000000Z","updated_at":"2023-08-26T13:55:58.000000Z"}]}