{"id":1044,"type":{"default_type":false,"name":"Predefined Section","slug":"predefined-section","fields":[{"type":"sections","name":"predefined_section","label":"Choose predefined section"}],"template":"\/var\/www\/templates\/lagom2\/core\/cms\/sections\/config\/predefined-section\/predefined-section.tpl","cache":true},"page_id":233,"visibility":1,"theme":"default","order":6,"created_at":"2023-08-22T11:53:57.000000Z","updated_at":"2023-08-22T11:53:57.000000Z","lang":{"english":{"id":1051,"translation":{"predefined_section":"4"}}},"translations":[{"id":1051,"section_id":1044,"lang":"english","values":{"predefined_section":"4"},"created_at":"2023-08-22T11:53:57.000000Z","updated_at":"2023-08-22T11:53:57.000000Z"}]}