[{"id":177,"custom_page":1,"url":"knowledgebase-cms","name":"Page - Knowledgebase (soon)","display_type":"website","list_display":1,"seo_enabled":0,"seo_robots":0,"seo_title":{"arabic":"","azerbaijani":"","catalan":"","chinese":"","croatian":"","czech":"","danish":"","dutch":"","english":"Knowledgebase","estonian":"","farsi":"","french":"","german":"","hebrew":"","hungarian":"","italian":"","macedonian":"","norwegian":"","portuguese-br":"","portuguese-pt":"","romanian":"","russian":"","spanish":"","swedish":"","turkish":"","ukranian":""},"seo_description":null,"seo_image":null,"settings":{"published":"1","is_promo_page":"0","body_class":""},"created_at":"2023-05-08T11:35:01.000000Z","updated_at":"2023-05-24T10:23:00.000000Z"}]