{"id":1328,"type":{"default_type":false,"name":"Predefined Section","slug":"predefined-section","fields":[{"type":"sections","name":"predefined_section","label":"Choose predefined section"}],"template":"\/var\/www\/templates\/lagom2\/core\/cms\/sections\/config\/predefined-section\/predefined-section.tpl","cache":true},"page_id":247,"visibility":1,"theme":"default","order":7,"created_at":"2024-04-12T11:37:44.000000Z","updated_at":"2024-04-12T11:37:44.000000Z","lang":{"english":{"id":1335,"translation":{"predefined_section":"12"}}},"translations":[{"id":1335,"section_id":1328,"lang":"english","values":{"predefined_section":"12"},"created_at":"2024-04-12T11:37:44.000000Z","updated_at":"2024-04-12T11:37:44.000000Z"}]}