{"id":415,"type":{"default_type":true,"name":"Legal","slug":"legal","fields":[{"type":"subsection","name":"subsection","label":"Section Description","collapse":false},{"type":"text-editor","name":"main_content","label":"Section Content","tooltip":"Create required section content using the advanced \"text editor\". Use its build in tools to format the code, or write your own HTML code.","tooltip_url":"https:\/\/lagom.rsstudio.net\/docs\/website-builder\/section-legal\/#section-description"},{"type":"subsection","name":"subsection","label":"Section Sidebar","collapse":false},{"type":"list","name":"sidebar","label":"Sidebar Items","icons":true,"sidebar":true,"tooltip":"The section sidebar is presented on the left-hand side of the legal pages, providing the ability to incorporate links leading to various other legal pages","tooltip_url":"https:\/\/lagom.rsstudio.net\/docs\/website-builder\/section-legal\/#section-sidebar"},{"type":"subsection","name":"subsection","label":"Advanced Section Settings","collapse":true},{"type":"text","name":"section_anchor","label":"Section anchor","placeholder":"Enter anchor...","tooltip":"Assign special names to section anchors. This makes it easy to guide people to specific parts of the page when you share links","tooltip_url":"https:\/\/lagom.rsstudio.net\/docs\/website-builder\/section-common-settings\/#section-anchor"},{"type":"text","name":"custom_class","label":"Section custom class","placeholder":"Enter class...","tooltip":"This setting allows you to assign custom classes to the section container. You can input your own CSS class here and then apply the necessary styling in the <b>theme-custom.css<\/b> file.","tooltip_url":"https:\/\/lagom.rsstudio.net\/docs\/website-builder\/section-common-settings\/#section-custom-class"}],"template":"\/var\/www\/templates\/lagom2\/core\/cms\/sections\/config\/legal\/legal.tpl","cache":true,"thumb":"thumb.png"},"page_id":156,"visibility":1,"theme":"default","order":2,"created_at":"2023-05-25T09:18:21.000000Z","updated_at":"2023-05-25T09:18:21.000000Z","lang":{"english":{"id":418,"translation":{"main_content":"&lt;section id=&quot;section-1&quot;&gt;\r\n  &lt;h2 class=&quot;h3&quot;&gt;1. Acceptance of Terms&lt;\/h2&gt;\r\n  &lt;p&gt;By accessing or using our website hosting services, you agree to comply with and be bound by these terms and conditions. Your use of the services constitutes your acceptance of these terms, and if you do not agree with any part of these terms, you should not use the services.&lt;\/p&gt;\r\n&lt;\/section&gt;\r\n&lt;section id=&quot;section-2&quot;&gt;\r\n  &lt;h2 class=&quot;h3&quot;&gt;2. Service Description&lt;\/h2&gt;\r\n  &lt;p&gt;We provide website hosting services that allow users to publish and manage their websites on our servers. Our hosting services include server space, bandwidth allocation, and technical support to ensure your website is accessible and functional to visitors around the world. We strive to maintain the highest level of service quality and uptime, but occasional maintenance and unforeseen issues may arise.&lt;\/p&gt;\r\n&lt;\/section&gt;\r\n&lt;section id=&quot;section-3&quot;&gt;\r\n  &lt;h2 class=&quot;h3&quot;&gt;3. User Responsibilities&lt;\/h2&gt;\r\n  &lt;p&gt;Users are responsible for the content they upload, their website&#039;s security, and complying with all applicable laws and regulations. You must not use our services for any illegal or malicious activities, including but not limited to distributing malware, engaging in hacking, or infringing upon intellectual property rights. You are also responsible for regularly backing up your website data and maintaining the security of your login credentials.&lt;\/p&gt;\r\n&lt;\/section&gt;\r\n&lt;section id=&quot;section-4&quot;&gt;\r\n  &lt;h2 class=&quot;h3&quot;&gt;4. Payment and Billing&lt;\/h2&gt;\r\n  &lt;p&gt;Users agree to pay the fees associated with the chosen hosting plan. Billing cycles and payment methods are outlined on our website. If you choose a subscription-based plan, your subscription will automatically renew unless canceled before the renewal date. Failure to make timely payments may result in suspension or termination of services. We do not provide refunds for unused portions of the subscription period.&lt;\/p&gt;\r\n&lt;\/section&gt;\r\n&lt;section id=&quot;section-5&quot;&gt;\r\n  &lt;h2 class=&quot;h3&quot;&gt;5. Termination&lt;\/h2&gt;\r\n  &lt;p&gt;We reserve the right to suspend or terminate services for violations of these terms or for any other reason deemed necessary. If your account is terminated due to violations, you may lose access to your website content and data. We may also take legal action if your actions result in harm to our servers, network, or reputation.&lt;\/p&gt;\r\n&lt;\/section&gt;\r\n&lt;section id=&quot;section-6&quot;&gt;\r\n  &lt;h2 class=&quot;h3&quot;&gt;6. Limitation of Liability&lt;\/h2&gt;\r\n  &lt;p&gt;We are not liable for any damages or losses resulting from the use or inability to use our hosting services. This includes direct, indirect, incidental, consequential, or punitive damages arising from the use or misuse of our services. While we strive to provide reliable and secure hosting, you acknowledge that no online service is completely immune to vulnerabilities, and you use our services at your own risk.&lt;\/p&gt;\r\n&lt;\/section&gt;\r\n&lt;section id=&quot;section-7&quot;&gt;\r\n  &lt;h2 class=&quot;h3&quot;&gt;7. Changes to Terms&lt;\/h2&gt;\r\n  &lt;p&gt;We may update these terms from time to time, and continued use of our services constitutes acceptance of the updated terms. We will notify you of any significant changes to these terms via email or by prominently displaying a notice on our website. It&#039;s your responsibility to review these terms periodically to stay informed about any changes that may affect your use of our services.&lt;\/p&gt;\r\n&lt;\/section&gt;\r\n&lt;footer&gt;\r\n  &lt;p&gt;For any inquiries regarding these terms, please contact us at &lt;a href=&quot;mailto:contact@example.com&quot;&gt;contact@example.com&lt;\/a&gt;.&lt;\/p&gt;\r\n&lt;\/footer&gt;","sidebar":[{"index":"1","position":"1","custom_classes":"active","show_icon":"0","link_text":"Terms of Services","link_type":"whmcs-page","show_link":"0","whmcs_page":"legal\/terms-of-services","url":"legal\/terms-of-services","target_blank":"0"},{"index":"2","position":"2","custom_classes":"","show_icon":"0","link_text":"Privacy Policy","link_type":"whmcs-page","show_link":"0","whmcs_page":"legal\/privacy-policy","url":"legal\/privacy-policy","target_blank":"0"},{"index":"3","position":"3","custom_classes":"","show_icon":"0","link_text":"Acceptable Use Policy","link_type":"whmcs-page","show_link":"0","whmcs_page":"legal\/acceptable-use-policy","url":"legal\/acceptable-use-policy","target_blank":"0"},{"title":"","description":"","index":"4","position":"4","link_type":"whmcs-page","show_icon":"0","show_link":"0","sidebar_type":"1","target_blank":"0","link_text":"Domain Reg. Agreement","custom_url":null,"whmcs_page":"legal\/domain-registration-greement","url":"legal\/domain-registration-greement","custom_classes":"","show_stats":"0","stat":""}],"section_anchor":"","custom_class":""}}},"translations":[{"id":418,"section_id":415,"lang":"english","values":{"main_content":"&lt;section id=&quot;section-1&quot;&gt;\r\n  &lt;h2 class=&quot;h3&quot;&gt;1. Acceptance of Terms&lt;\/h2&gt;\r\n  &lt;p&gt;By accessing or using our website hosting services, you agree to comply with and be bound by these terms and conditions. Your use of the services constitutes your acceptance of these terms, and if you do not agree with any part of these terms, you should not use the services.&lt;\/p&gt;\r\n&lt;\/section&gt;\r\n&lt;section id=&quot;section-2&quot;&gt;\r\n  &lt;h2 class=&quot;h3&quot;&gt;2. Service Description&lt;\/h2&gt;\r\n  &lt;p&gt;We provide website hosting services that allow users to publish and manage their websites on our servers. Our hosting services include server space, bandwidth allocation, and technical support to ensure your website is accessible and functional to visitors around the world. We strive to maintain the highest level of service quality and uptime, but occasional maintenance and unforeseen issues may arise.&lt;\/p&gt;\r\n&lt;\/section&gt;\r\n&lt;section id=&quot;section-3&quot;&gt;\r\n  &lt;h2 class=&quot;h3&quot;&gt;3. User Responsibilities&lt;\/h2&gt;\r\n  &lt;p&gt;Users are responsible for the content they upload, their website&#039;s security, and complying with all applicable laws and regulations. You must not use our services for any illegal or malicious activities, including but not limited to distributing malware, engaging in hacking, or infringing upon intellectual property rights. You are also responsible for regularly backing up your website data and maintaining the security of your login credentials.&lt;\/p&gt;\r\n&lt;\/section&gt;\r\n&lt;section id=&quot;section-4&quot;&gt;\r\n  &lt;h2 class=&quot;h3&quot;&gt;4. Payment and Billing&lt;\/h2&gt;\r\n  &lt;p&gt;Users agree to pay the fees associated with the chosen hosting plan. Billing cycles and payment methods are outlined on our website. If you choose a subscription-based plan, your subscription will automatically renew unless canceled before the renewal date. Failure to make timely payments may result in suspension or termination of services. We do not provide refunds for unused portions of the subscription period.&lt;\/p&gt;\r\n&lt;\/section&gt;\r\n&lt;section id=&quot;section-5&quot;&gt;\r\n  &lt;h2 class=&quot;h3&quot;&gt;5. Termination&lt;\/h2&gt;\r\n  &lt;p&gt;We reserve the right to suspend or terminate services for violations of these terms or for any other reason deemed necessary. If your account is terminated due to violations, you may lose access to your website content and data. We may also take legal action if your actions result in harm to our servers, network, or reputation.&lt;\/p&gt;\r\n&lt;\/section&gt;\r\n&lt;section id=&quot;section-6&quot;&gt;\r\n  &lt;h2 class=&quot;h3&quot;&gt;6. Limitation of Liability&lt;\/h2&gt;\r\n  &lt;p&gt;We are not liable for any damages or losses resulting from the use or inability to use our hosting services. This includes direct, indirect, incidental, consequential, or punitive damages arising from the use or misuse of our services. While we strive to provide reliable and secure hosting, you acknowledge that no online service is completely immune to vulnerabilities, and you use our services at your own risk.&lt;\/p&gt;\r\n&lt;\/section&gt;\r\n&lt;section id=&quot;section-7&quot;&gt;\r\n  &lt;h2 class=&quot;h3&quot;&gt;7. Changes to Terms&lt;\/h2&gt;\r\n  &lt;p&gt;We may update these terms from time to time, and continued use of our services constitutes acceptance of the updated terms. We will notify you of any significant changes to these terms via email or by prominently displaying a notice on our website. It&#039;s your responsibility to review these terms periodically to stay informed about any changes that may affect your use of our services.&lt;\/p&gt;\r\n&lt;\/section&gt;\r\n&lt;footer&gt;\r\n  &lt;p&gt;For any inquiries regarding these terms, please contact us at &lt;a href=&quot;mailto:contact@example.com&quot;&gt;contact@example.com&lt;\/a&gt;.&lt;\/p&gt;\r\n&lt;\/footer&gt;","sidebar":[{"index":"1","position":"1","custom_classes":"active","show_icon":"0","link_text":"Terms of Services","link_type":"whmcs-page","show_link":"0","whmcs_page":"legal\/terms-of-services","url":"legal\/terms-of-services","target_blank":"0"},{"index":"2","position":"2","custom_classes":"","show_icon":"0","link_text":"Privacy Policy","link_type":"whmcs-page","show_link":"0","whmcs_page":"legal\/privacy-policy","url":"legal\/privacy-policy","target_blank":"0"},{"index":"3","position":"3","custom_classes":"","show_icon":"0","link_text":"Acceptable Use Policy","link_type":"whmcs-page","show_link":"0","whmcs_page":"legal\/acceptable-use-policy","url":"legal\/acceptable-use-policy","target_blank":"0"},{"title":"","description":"","index":"4","position":"4","link_type":"whmcs-page","show_icon":"0","show_link":"0","sidebar_type":"1","target_blank":"0","link_text":"Domain Reg. Agreement","custom_url":null,"whmcs_page":"legal\/domain-registration-greement","url":"\/legal\/domain-registration-greement","custom_classes":"","show_stats":"0","stat":""}],"section_anchor":"","custom_class":""},"created_at":"2023-05-25T09:18:21.000000Z","updated_at":"2023-08-30T16:11:35.000000Z"}]}