{"id":375,"type":{"default_type":false,"name":"Predefined Section","slug":"predefined-section","fields":[{"type":"sections","name":"predefined_section","label":"Choose predefined section"}],"template":"\/var\/www\/templates\/lagom2\/core\/cms\/sections\/config\/predefined-section\/predefined-section.tpl","cache":true},"page_id":153,"visibility":1,"theme":"default","order":5,"created_at":"2023-05-16T10:42:16.000000Z","updated_at":"2023-08-30T09:54:31.000000Z","lang":{"english":{"id":378,"translation":{"predefined_section":"4"}}},"translations":[{"id":378,"section_id":375,"lang":"english","values":{"predefined_section":"4"},"created_at":"2023-05-16T10:42:16.000000Z","updated_at":"2023-05-16T10:42:16.000000Z"}]}