{"id":663,"type":{"default_type":true,"name":"FAQ","slug":"faq","fields":[{"type":"subsection","name":"subsection","label":"Section Description","collapse":false},{"type":"text","name":"caption","label":"Caption","placeholder":"Enter caption...","tooltip":"Provide a brief section caption to appear above the main title in a smaller font. You can skip this if you don`t wish to display this element.","tooltip_url":"https:\/\/lagom.rsstudio.net\/docs\/website-builder\/section-faq\/#section-description"},{"type":"text","name":"title","label":"Title","placeholder":"Enter title...","tooltip":"Elevate page clarity and visual hierarchy using section titles. Optionally skip for not displaying this element.","tooltip_url":"https:\/\/lagom.rsstudio.net\/docs\/website-builder\/section-faq\/#section-description"},{"type":"text-editor","name":"subtitle","label":"Subtitle","placeholder":"Enter subtitle...","tooltip":"Add concise text to clarify section content, enhancing context and user understanding. You can skip this if you don`t wish to display this element.","tooltip_url":"https:\/\/lagom.rsstudio.net\/docs\/website-builder\/section-faq\/#section-description"},{"type":"subsection","name":"subsection","label":"FAQ List","collapse":false},{"type":"group-input","name":"list_group","label":"Group section content","grouped":false,"group_forced":false,"fields":[{"type":"list","name":"list","label":"FAQ items","icons":false,"link":false,"tooltip":"Lorem Ipsum <a href=\"#\">Learn More<\/a>"}],"tooltip":"The \"Group section content\" function enables you to create multiple item groups that will be displayed on the frontend as distinct tabs.","tooltip_url":"https:\/\/lagom.rsstudio.net\/docs\/website-builder\/section-faq\/#group-section","group_section":"faq"},{"type":"subsection","name":"subsection","label":"FAQ Settings","collapse":false},{"type":"select","name":"list_type","label":"FAQ Type","container_class":"col-sm-6","options":[{"name":"Type 1 - Accordion","value":"accordion"},{"name":"Type 2 - Expanded list with fully visible title and description","value":"expanded"}],"tooltip":"Select the display type for the list of FAQ items.","tooltip_url":"https:\/\/lagom.rsstudio.net\/docs\/website-builder\/section-faq\/#faq-settings"},{"type":"select","name":"list_style","label":"FAQ item style","container_class":"col-sm-6","options":[{"name":"Default","value":"default"},{"name":"Divided","value":"divided"},{"name":"Boxed","value":"boxed"}],"tooltip":"Select the display style for the list of FAQ items.","tooltip_url":"https:\/\/lagom.rsstudio.net\/docs\/website-builder\/section-faq\/#faq-settings"},{"type":"subsection","name":"subsection","label":"Advanced Section Settings","collapse":true},{"type":"checkbox","name":"combined","label":"Combine this section with section below","attributes":[{"name":"uncheck-switcher","value":["overlay"]}],"tooltip":"Eliminate bottom padding and borders from this section, allowing the fusion of these two sections. It`s recommended to apply identical \"Section Style\" in the \"Section Panel\" for seamless integration.","tooltip_url":"https:\/\/lagom.rsstudio.net\/docs\/website-builder\/section-common-settings\/#combine-sections"},{"type":"checkbox","name":"overlay","label":"Overlay section below on this section","attributes":[{"name":"uncheck-switcher","value":["combined"]}],"tooltip":"This configuration pulls the section below over the currently managed section while adding an extra 200px padding at the bottom. You can adjust the pixel value by customizing the <b>--cms-section-overlay-margin<\/b> CSS variable through custom CSS rules.","tooltip_url":"https:\/\/lagom.rsstudio.net\/docs\/website-builder\/section-common-settings\/#overlay-sections"},{"type":"text","name":"section_anchor","label":"Section anchor","placeholder":"Enter anchor...","tooltip":"Assign special names to section anchors. This makes it easy to guide people to specific parts of the page when you share links","tooltip_url":"https:\/\/lagom.rsstudio.net\/docs\/website-builder\/section-common-settings\/#overlay-sections"},{"type":"text","name":"custom_class","label":"Section custom class","placeholder":"Enter class...","tooltip":"This setting allows you to assign custom classes to the section container. You can input your own CSS class here and then apply the necessary styling in the <b>theme-custom.css<\/b> file.","tooltip_url":"https:\/\/lagom.rsstudio.net\/docs\/website-builder\/section-common-settings\/#overlay-sections"}],"template":"\/var\/www\/templates\/lagom2\/core\/cms\/sections\/config\/faq\/faq.tpl","cache":true,"thumb":"thumb.png"},"page_id":207,"visibility":1,"theme":"default","order":8,"created_at":"2023-06-26T16:09:12.000000Z","updated_at":"2023-08-31T06:55:12.000000Z","lang":{"english":{"id":666,"translation":{"caption":"","title":"Frequently asked questions","subtitle":"","list_group":{"grouped":"0","group_forced":"0","groups":{"1":{"group_index":"1","group_name":"","group_order":"1","fields":{"list":[{"index":"1","position":"1","title":"What apps are included in OX App Suite?","description":"All OX App Suite plans include access to Webmail, Calendar, Tasks and Address Book. The Productivity package adds OX Drive and OX Documents (Text, Spreadsheets and Presentations).<br>","custom_classes":"","show_icon":"0","link_text":"","link_type":"custom-url","show_link":"0","custom_url":"","target_blank":"0","url":""},{"index":"2","position":"2","title":"Can I add outside email accounts to OX App Suite?","description":"<b>Yes<\/b>, OX App Suite supports connecting all external IMAP email accounts including popular providers such as Gmail, Yahoo and Outlook.com. Simply add your email address and password into App Suite and any email sent to those accounts will appear in your App Suite Interface.<br>","custom_classes":"","show_icon":"0","link_text":"","link_type":"custom-url","show_link":"0","custom_url":"","target_blank":"0","url":""},{"index":"3","position":"3","title":"Can I sync calendar and contacts between OX App Suite and my mobile device?","description":"<b>Yes<\/b>, OX App Suite fully supports CalDAV and CardDAV. And for Android users, syncing is easy via our dedicated Android Sync App.","custom_classes":"","show_icon":"0","link_text":"","link_type":"custom-url","show_link":"0","custom_url":"","target_blank":"0","url":""},{"index":"4","position":"4","title":"Will OX App Suite work on my device?","description":"<p>App Suite works seamlessly with most native desktop and mobile email clients.<br><\/p>","custom_classes":"","show_icon":"0","link_text":"","link_type":"custom-url","show_link":"0","custom_url":"","target_blank":"0","url":""},{"index":"5","position":"5","title":"Does OX App Suite protect against Spam and Viruses?","description":"<b>Yes!<\/b> OX App Suite uses proprietary technology as well as partnerships with well-established vendors in the Anti-Spam industry to keep your inbox as clean and safe as possible.","custom_classes":"","show_icon":"0","link_text":"","link_type":"custom-url","show_link":"0","custom_url":"","target_blank":"0","url":""},{"index":"6","position":"6","title":"What Languages does OX App Suite support?","description":"OX App Suite supports the following languages: English, German, Spanish, French, Italian, Dutch, Polish, \u4e2d\u6587 \u7b80\u4f53, \u4e2d\u6587 \u7e41\u9ad4, \u65e5\u672c\u8a9e \u65e5\u672c","custom_classes":"","show_icon":"0","link_text":"","link_type":"custom-url","show_link":"0","custom_url":"","target_blank":"0","url":""}]}}},"new_group_index":2},"list_type":"accordion","list_style":"boxed","combined":"0","overlay":"0","section_anchor":"","custom_class":""}}},"translations":[{"id":666,"section_id":663,"lang":"english","values":{"caption":"","title":"Frequently asked questions","subtitle":"","list_group":{"group_forced":"0","grouped":"0","groups":{"1":{"group_name":"","group_order":"1","group_index":"1","fields":{"list":[{"index":"1","position":"1","title":"What apps are included in OX App Suite?","description":"All OX App Suite plans include access to Webmail, Calendar, Tasks and Address Book. The Productivity package adds OX Drive and OX Documents (Text, Spreadsheets and Presentations).<br>","custom_classes":"","show_icon":"0","link_text":"","link_type":"custom-url","show_link":"0","custom_url":"","target_blank":"0"},{"index":"2","position":"2","title":"Can I add outside email accounts to OX App Suite?","description":"<b>Yes<\/b>, OX App Suite supports connecting all external IMAP email accounts including popular providers such as Gmail, Yahoo and Outlook.com. Simply add your email address and password into App Suite and any email sent to those accounts will appear in your App Suite Interface.<br>","custom_classes":"","show_icon":"0","link_text":"","link_type":"custom-url","show_link":"0","custom_url":"","target_blank":"0"},{"index":"3","position":"3","title":"Can I sync calendar and contacts between OX App Suite and my mobile device?","description":"<b>Yes<\/b>, OX App Suite fully supports CalDAV and CardDAV. And for Android users, syncing is easy via our dedicated Android Sync App.","custom_classes":"","show_icon":"0","link_text":"","link_type":"custom-url","show_link":"0","custom_url":"","target_blank":"0"},{"index":"4","position":"4","title":"Will OX App Suite work on my device?","description":"<p>App Suite works seamlessly with most native desktop and mobile email clients.<br><\/p>","custom_classes":"","show_icon":"0","link_text":"","link_type":"custom-url","show_link":"0","custom_url":"","target_blank":"0"},{"index":"5","position":"5","title":"Does OX App Suite protect against Spam and Viruses?","description":"<b>Yes!<\/b> OX App Suite uses proprietary technology as well as partnerships with well-established vendors in the Anti-Spam industry to keep your inbox as clean and safe as possible.","custom_classes":"","show_icon":"0","link_text":"","link_type":"custom-url","show_link":"0","custom_url":"","target_blank":"0"},{"index":"6","position":"6","title":"What Languages does OX App Suite support?","description":"OX App Suite supports the following languages: English, German, Spanish, French, Italian, Dutch, Polish, \u4e2d\u6587 \u7b80\u4f53, \u4e2d\u6587 \u7e41\u9ad4, \u65e5\u672c\u8a9e \u65e5\u672c","custom_classes":"","show_icon":"0","link_text":"","link_type":"custom-url","show_link":"0","custom_url":"","target_blank":"0"}]}}}},"list_type":"accordion","list_style":"boxed","combined":"0","overlay":"0","section_anchor":"","custom_class":""},"created_at":"2023-06-26T16:09:12.000000Z","updated_at":"2023-06-26T16:20:13.000000Z"}]}