{"id":841,"type":{"default_type":false,"name":"Predefined Section","slug":"predefined-section","fields":[{"type":"sections","name":"predefined_section","label":"Choose predefined section"}],"template":"\/var\/www\/templates\/lagom2\/core\/cms\/sections\/config\/predefined-section\/predefined-section.tpl","cache":true},"page_id":176,"visibility":1,"theme":"default","order":13,"created_at":"2023-07-16T11:29:58.000000Z","updated_at":"2023-08-21T17:19:02.000000Z","lang":{"english":{"id":848,"translation":{"predefined_section":"18"}}},"translations":[{"id":848,"section_id":841,"lang":"english","values":{"predefined_section":"18"},"created_at":"2023-07-16T11:29:58.000000Z","updated_at":"2023-07-16T11:29:58.000000Z"}]}