{"id":847,"type":{"default_type":false,"name":"Predefined Section","slug":"predefined-section","fields":[{"type":"sections","name":"predefined_section","label":"Choose predefined section"}],"template":"\/var\/www\/templates\/lagom2\/core\/cms\/sections\/config\/predefined-section\/predefined-section.tpl","cache":true},"page_id":176,"visibility":1,"theme":"default","order":12,"created_at":"2023-07-16T12:18:07.000000Z","updated_at":"2023-08-21T17:19:02.000000Z","lang":{"english":{"id":854,"translation":{"predefined_section":"4"}}},"translations":[{"id":854,"section_id":847,"lang":"english","values":{"predefined_section":"4"},"created_at":"2023-07-16T12:18:07.000000Z","updated_at":"2023-07-16T12:18:07.000000Z"}]}