{"id":1211,"type":{"default_type":false,"name":"Predefined Section","slug":"predefined-section","fields":[{"type":"sections","name":"predefined_section","label":"Choose predefined section"}],"template":"\/var\/www\/templates\/lagom2\/core\/cms\/sections\/config\/predefined-section\/predefined-section.tpl","cache":true},"page_id":244,"visibility":1,"theme":"default","order":3,"created_at":"2023-08-30T13:24:07.000000Z","updated_at":"2023-08-30T13:24:07.000000Z","lang":{"english":{"id":1218,"translation":{"predefined_section":"21"}}},"translations":[{"id":1218,"section_id":1211,"lang":"english","values":{"predefined_section":"21"},"created_at":"2023-08-30T13:24:07.000000Z","updated_at":"2023-08-30T13:24:07.000000Z"}]}