[{"id":208,"custom_page":1,"url":"email-services","name":"MarketConnect - E-mail Services","display_type":"website","list_display":1,"seo_enabled":1,"seo_robots":1,"seo_title":{"arabic":"","azerbaijani":"","catalan":"","chinese":"","croatian":"","czech":"","danish":"","dutch":"","english":" E-mail Services","estonian":"","farsi":"","french":"","german":"","hebrew":"","hungarian":"","italian":"","macedonian":"","norwegian":"","portuguese-br":"","portuguese-pt":"","romanian":"","russian":"","spanish":"","swedish":"","turkish":"","ukranian":""},"seo_description":{"arabic":"","azerbaijani":"","catalan":"","chinese":"","croatian":"","czech":"","danish":"","dutch":"","english":"OX App Suite is a powerful Email and Productivity Apps built for any-size business (and budget).","estonian":"","farsi":"","french":"","german":"","hebrew":"","hungarian":"","italian":"","macedonian":"","norwegian":"","portuguese-br":"","portuguese-pt":"","romanian":"","russian":"","spanish":"","swedish":"","turkish":"","ukranian":""},"seo_image":null,"settings":{"published":"1","body_class":""},"created_at":"2023-06-26T16:31:06.000000Z","updated_at":"2023-06-26T16:32:07.000000Z"}]