{"id":262,"type":{"default_type":false,"name":"Predefined Section","slug":"predefined-section","fields":[{"type":"sections","name":"predefined_section","label":"Choose predefined section"}],"template":"\/var\/www\/templates\/lagom2\/core\/cms\/sections\/config\/predefined-section\/predefined-section.tpl","cache":true},"page_id":159,"visibility":1,"theme":"default","order":1,"created_at":"2023-04-19T07:25:24.000000Z","updated_at":"2023-04-19T07:25:24.000000Z","lang":{"english":{"id":265,"translation":{"predefined_section":"10"}}},"translations":[{"id":265,"section_id":262,"lang":"english","values":{"predefined_section":"10"},"created_at":"2023-04-19T07:25:24.000000Z","updated_at":"2023-04-19T07:25:24.000000Z"}]}