{"id":1068,"type":{"default_type":false,"name":"Predefined Section","slug":"predefined-section","fields":[{"type":"sections","name":"predefined_section","label":"Choose predefined section"}],"template":"\/var\/www\/templates\/lagom2\/core\/cms\/sections\/config\/predefined-section\/predefined-section.tpl","cache":true},"page_id":236,"visibility":1,"theme":"default","order":6,"created_at":"2023-08-22T12:00:42.000000Z","updated_at":"2023-08-22T12:00:42.000000Z","lang":{"english":{"id":1075,"translation":{"predefined_section":"4"}}},"translations":[{"id":1075,"section_id":1068,"lang":"english","values":{"predefined_section":"4"},"created_at":"2023-08-22T12:00:42.000000Z","updated_at":"2023-08-22T12:00:42.000000Z"}]}