{"id":898,"type":{"default_type":false,"name":"Predefined Section","slug":"predefined-section","fields":[{"type":"sections","name":"predefined_section","label":"Choose predefined section"}],"template":"\/var\/www\/templates\/lagom2\/core\/cms\/sections\/config\/predefined-section\/predefined-section.tpl","cache":true},"page_id":149,"visibility":1,"theme":"default","order":11,"created_at":"2023-07-23T13:21:18.000000Z","updated_at":"2023-07-23T13:21:18.000000Z","lang":{"english":{"id":905,"translation":{"predefined_section":"20"}}},"translations":[{"id":905,"section_id":898,"lang":"english","values":{"predefined_section":"20"},"created_at":"2023-07-23T13:21:18.000000Z","updated_at":"2023-07-23T13:21:18.000000Z"}]}