{"id":1088,"type":{"default_type":false,"name":"Predefined Section","slug":"predefined-section","fields":[{"type":"sections","name":"predefined_section","label":"Choose predefined section"}],"template":"\/var\/www\/templates\/lagom2\/core\/cms\/sections\/config\/predefined-section\/predefined-section.tpl","cache":true},"page_id":215,"visibility":1,"theme":"default","order":13,"created_at":"2023-08-23T12:10:23.000000Z","updated_at":"2023-08-23T12:11:55.000000Z","lang":{"english":{"id":1095,"translation":{"predefined_section":"9"}}},"translations":[{"id":1095,"section_id":1088,"lang":"english","values":{"predefined_section":"9"},"created_at":"2023-08-23T12:10:23.000000Z","updated_at":"2023-08-23T12:10:23.000000Z"}]}