{"id":1089,"type":{"default_type":false,"name":"Predefined Section","slug":"predefined-section","fields":[{"type":"sections","name":"predefined_section","label":"Choose predefined section"}],"template":"\/var\/www\/templates\/lagom2\/core\/cms\/sections\/config\/predefined-section\/predefined-section.tpl","cache":true},"page_id":215,"visibility":1,"theme":"default","order":10,"created_at":"2023-08-23T12:11:55.000000Z","updated_at":"2023-08-23T12:11:55.000000Z","lang":{"english":{"id":1096,"translation":{"predefined_section":"20"}}},"translations":[{"id":1096,"section_id":1089,"lang":"english","values":{"predefined_section":"20"},"created_at":"2023-08-23T12:11:55.000000Z","updated_at":"2023-08-23T12:11:55.000000Z"}]}