{"id":817,"type":{"default_type":false,"name":"Predefined Section","slug":"predefined-section","fields":[{"type":"sections","name":"predefined_section","label":"Choose predefined section"}],"template":"\/var\/www\/templates\/lagom2\/core\/cms\/sections\/config\/predefined-section\/predefined-section.tpl","cache":true},"page_id":219,"visibility":1,"theme":"default","order":14,"created_at":"2023-07-15T13:30:41.000000Z","updated_at":"2023-07-23T13:55:13.000000Z","lang":{"english":{"id":824,"translation":{"predefined_section":"4"}}},"translations":[{"id":824,"section_id":817,"lang":"english","values":{"predefined_section":"4"},"created_at":"2023-07-15T13:30:41.000000Z","updated_at":"2023-07-15T13:30:41.000000Z"}]}