{"id":1037,"type":{"default_type":false,"name":"Predefined Section","slug":"predefined-section","fields":[{"type":"sections","name":"predefined_section","label":"Choose predefined section"}],"template":"\/var\/www\/templates\/lagom2\/core\/cms\/sections\/config\/predefined-section\/predefined-section.tpl","cache":true},"page_id":232,"visibility":1,"theme":"default","order":7,"created_at":"2023-08-22T11:51:46.000000Z","updated_at":"2023-08-22T11:51:46.000000Z","lang":{"english":{"id":1044,"translation":{"predefined_section":"18"}}},"translations":[{"id":1044,"section_id":1037,"lang":"english","values":{"predefined_section":"18"},"created_at":"2023-08-22T11:51:46.000000Z","updated_at":"2023-08-22T11:51:46.000000Z"}]}