{"id":612,"type":{"default_type":false,"name":"Predefined Section","slug":"predefined-section","fields":[{"type":"sections","name":"predefined_section","label":"Choose predefined section"}],"template":"\/var\/www\/templates\/lagom2\/core\/cms\/sections\/config\/predefined-section\/predefined-section.tpl","cache":true},"page_id":166,"visibility":1,"theme":"default","order":9,"created_at":"2023-06-23T11:04:47.000000Z","updated_at":"2023-08-26T07:05:43.000000Z","lang":{"english":{"id":615,"translation":{"predefined_section":"9"}}},"translations":[{"id":615,"section_id":612,"lang":"english","values":{"predefined_section":"9"},"created_at":"2023-06-23T11:04:47.000000Z","updated_at":"2023-06-23T11:04:47.000000Z"}]}