[{"id":155,"custom_page":1,"url":"section\/domain-search","name":"Section - Domain Search","display_type":"website","list_display":1,"seo_enabled":1,"seo_robots":0,"seo_title":{"arabic":"","azerbaijani":"","catalan":"","chinese":"","croatian":"","czech":"","danish":"","dutch":"","english":"Section Domain Search","estonian":"","farsi":"","french":"","german":"","hebrew":"","hungarian":"","italian":"","macedonian":"","norwegian":"","portuguese-br":"","portuguese-pt":"","romanian":"","russian":"","spanish":"","swedish":"","turkish":"","ukranian":""},"seo_description":null,"seo_image":null,"settings":{"published":"1","body_class":""},"created_at":"2023-04-05T06:57:27.000000Z","updated_at":"2023-05-30T10:45:45.000000Z"}]