{"id":1099,"type":{"default_type":false,"name":"Predefined Section","slug":"predefined-section","fields":[{"type":"sections","name":"predefined_section","label":"Choose predefined section"}],"template":"\/var\/www\/templates\/lagom2\/core\/cms\/sections\/config\/predefined-section\/predefined-section.tpl","cache":true},"page_id":209,"visibility":1,"theme":"default","order":6,"created_at":"2023-08-26T11:06:12.000000Z","updated_at":"2023-08-26T11:06:12.000000Z","lang":{"english":{"id":1106,"translation":{"predefined_section":"23"}}},"translations":[{"id":1106,"section_id":1099,"lang":"english","values":{"predefined_section":"23"},"created_at":"2023-08-26T11:06:12.000000Z","updated_at":"2023-08-31T06:58:27.000000Z"}]}