{"id":1349,"type":{"default_type":false,"name":"Predefined Section","slug":"predefined-section","fields":[{"type":"sections","name":"predefined_section","label":"Choose predefined section"}],"template":"\/var\/www\/templates\/lagom2\/core\/cms\/sections\/config\/predefined-section\/predefined-section.tpl","cache":true},"page_id":248,"visibility":1,"theme":"default","order":12,"created_at":"2024-04-12T11:40:43.000000Z","updated_at":"2024-04-12T11:40:43.000000Z","lang":{"english":{"id":1356,"translation":{"predefined_section":"4"}}},"translations":[{"id":1356,"section_id":1349,"lang":"english","values":{"predefined_section":"4"},"created_at":"2024-04-12T11:40:43.000000Z","updated_at":"2024-04-12T11:40:43.000000Z"}]}