{"id":1351,"type":{"default_type":false,"name":"Predefined Section","slug":"predefined-section","fields":[{"type":"sections","name":"predefined_section","label":"Choose predefined section"}],"template":"\/var\/www\/templates\/lagom2\/core\/cms\/sections\/config\/predefined-section\/predefined-section.tpl","cache":true},"page_id":248,"visibility":1,"theme":"default","order":14,"created_at":"2024-04-12T11:40:43.000000Z","updated_at":"2024-04-12T11:40:43.000000Z","lang":{"english":{"id":1358,"translation":{"predefined_section":"9"}}},"translations":[{"id":1358,"section_id":1351,"lang":"english","values":{"predefined_section":"9"},"created_at":"2024-04-12T11:40:43.000000Z","updated_at":"2024-04-12T11:40:43.000000Z"}]}