[{"id":234,"custom_page":1,"url":"game-servers\/v-rising","name":"Page - Game  Servers - V Rising","display_type":"website","list_display":1,"seo_enabled":1,"seo_robots":1,"seo_title":{"arabic":"","azerbaijani":"","catalan":"","chinese":"","croatian":"","czech":"","danish":"","dutch":"","english":"V Rising - Game Server","estonian":"","farsi":"","french":"","german":"","hebrew":"","hungarian":"","italian":"","macedonian":"","norwegian":"","portuguese-br":"","portuguese-pt":"","romanian":"","russian":"","spanish":"","swedish":"","turkish":"","ukranian":""},"seo_description":{"arabic":"","azerbaijani":"","catalan":"","chinese":"","croatian":"","czech":"","danish":"","dutch":"","english":"Conquer darkness in V Rising with our dedicated game servers. Experience low-latency gameplay and immersive vampire adventures.","estonian":"","farsi":"","french":"","german":"","hebrew":"","hungarian":"","italian":"","macedonian":"","norwegian":"","portuguese-br":"","portuguese-pt":"","romanian":"","russian":"","spanish":"","swedish":"","turkish":"","ukranian":""},"seo_image":null,"settings":{"published":"1","body_class":""},"created_at":"2023-08-22T11:55:40.000000Z","updated_at":"2023-08-22T11:58:02.000000Z"}]