{"id":1194,"type":{"default_type":false,"name":"Predefined Section","slug":"predefined-section","fields":[{"type":"sections","name":"predefined_section","label":"Choose predefined section"}],"template":"\/var\/www\/templates\/lagom2\/core\/cms\/sections\/config\/predefined-section\/predefined-section.tpl","cache":true},"page_id":242,"visibility":1,"theme":"default","order":2,"created_at":"2023-08-30T13:18:19.000000Z","updated_at":"2023-08-30T13:18:19.000000Z","lang":{"english":{"id":1201,"translation":{"predefined_section":"16"}}},"translations":[{"id":1201,"section_id":1194,"lang":"english","values":{"predefined_section":"16"},"created_at":"2023-08-30T13:18:19.000000Z","updated_at":"2023-08-30T13:18:19.000000Z"}]}