[{"id":247,"custom_page":1,"url":"dedicated-servers-layout-2","name":"Page - Dedicated Servers - Layout 2","display_type":"website","list_display":1,"seo_enabled":1,"seo_robots":0,"seo_title":{"arabic":"","azerbaijani":"","catalan":"","chinese":"","croatian":"","czech":"","danish":"","dutch":"","english":"Dedicated Servers","estonian":"","farsi":"","french":"","german":"","hebrew":"","hungarian":"","italian":"","macedonian":"","norwegian":"","portuguese-br":"","portuguese-pt":"","romanian":"","russian":"","spanish":"","swedish":"","turkish":"","ukranian":""},"seo_description":{"arabic":"","azerbaijani":"","catalan":"","chinese":"","croatian":"","czech":"","danish":"","dutch":"","english":"Power your online vision with Dedicated Servers. Unleash unparalleled performance, security, and customization for your website or application. Experience total","estonian":"","farsi":"","french":"","german":"","hebrew":"","hungarian":"","italian":"","macedonian":"","norwegian":"","portuguese-br":"","portuguese-pt":"","romanian":"","russian":"","spanish":"","swedish":"","turkish":"","ukranian":""},"seo_image":null,"settings":{"published":"1","body_class":""},"created_at":"2024-04-12T11:37:44.000000Z","updated_at":"2024-04-12T11:38:11.000000Z"}]