{"id":303,"type":{"default_type":false,"name":"Predefined Section","slug":"predefined-section","fields":[{"type":"sections","name":"predefined_section","label":"Choose predefined section"}],"template":"\/var\/www\/templates\/lagom2\/core\/cms\/sections\/config\/predefined-section\/predefined-section.tpl","cache":true},"page_id":143,"visibility":1,"theme":"default","order":12,"created_at":"2023-05-10T10:27:15.000000Z","updated_at":"2023-08-05T10:41:25.000000Z","lang":{"english":{"id":306,"translation":{"predefined_section":"4"}}},"translations":[{"id":306,"section_id":303,"lang":"english","values":{"predefined_section":"4"},"created_at":"2023-05-10T10:27:15.000000Z","updated_at":"2023-05-10T10:27:15.000000Z"}]}