{"id":900,"type":{"default_type":false,"name":"Predefined Section","slug":"predefined-section","fields":[{"type":"sections","name":"predefined_section","label":"Choose predefined section"}],"template":"\/var\/www\/templates\/lagom2\/core\/cms\/sections\/config\/predefined-section\/predefined-section.tpl","cache":true},"page_id":143,"visibility":1,"theme":"gray","order":9,"created_at":"2023-07-23T13:58:58.000000Z","updated_at":"2023-08-05T10:27:21.000000Z","lang":{"english":{"id":907,"translation":{"predefined_section":"2"}}},"translations":[{"id":907,"section_id":900,"lang":"english","values":{"predefined_section":"2"},"created_at":"2023-07-23T13:58:58.000000Z","updated_at":"2023-07-23T13:58:58.000000Z"}]}