{"id":305,"type":{"default_type":false,"name":"Predefined Section","slug":"predefined-section","fields":[{"type":"sections","name":"predefined_section","label":"Choose predefined section"}],"template":"\/var\/www\/templates\/lagom2\/core\/cms\/sections\/config\/predefined-section\/predefined-section.tpl","cache":true},"page_id":143,"visibility":1,"theme":"default","order":14,"created_at":"2023-05-10T10:27:34.000000Z","updated_at":"2023-08-05T10:41:25.000000Z","lang":{"english":{"id":308,"translation":{"predefined_section":"9"}}},"translations":[{"id":308,"section_id":305,"lang":"english","values":{"predefined_section":"9"},"created_at":"2023-05-10T10:27:34.000000Z","updated_at":"2023-05-10T10:27:34.000000Z"}]}