{"id":1026,"type":{"default_type":false,"name":"Predefined Section","slug":"predefined-section","fields":[{"type":"sections","name":"predefined_section","label":"Choose predefined section"}],"template":"\/var\/www\/templates\/lagom2\/core\/cms\/sections\/config\/predefined-section\/predefined-section.tpl","cache":true},"page_id":231,"visibility":1,"theme":"gray","order":4,"created_at":"2023-08-22T11:43:08.000000Z","updated_at":"2023-08-22T11:43:08.000000Z","lang":{"english":{"id":1033,"translation":{"predefined_section":"17"}}},"translations":[{"id":1033,"section_id":1026,"lang":"english","values":{"predefined_section":"17"},"created_at":"2023-08-22T11:43:08.000000Z","updated_at":"2023-08-22T11:43:08.000000Z"}]}