{"id":1025,"type":{"default_type":false,"name":"Predefined Section","slug":"predefined-section","fields":[{"type":"sections","name":"predefined_section","label":"Choose predefined section"}],"template":"\/var\/www\/templates\/lagom2\/core\/cms\/sections\/config\/predefined-section\/predefined-section.tpl","cache":true},"page_id":231,"visibility":1,"theme":"default","order":3,"created_at":"2023-08-22T11:43:08.000000Z","updated_at":"2023-08-22T11:43:08.000000Z","lang":{"english":{"id":1032,"translation":{"predefined_section":"21"}}},"translations":[{"id":1032,"section_id":1025,"lang":"english","values":{"predefined_section":"21"},"created_at":"2023-08-22T11:43:08.000000Z","updated_at":"2023-08-22T11:43:08.000000Z"}]}