[{"id":198,"custom_page":1,"url":"section\/gallery","name":"Section - Gallery (soon)","display_type":"website","list_display":1,"seo_enabled":0,"seo_robots":0,"seo_title":{"arabic":"","azerbaijani":"","catalan":"","chinese":"","croatian":"","czech":"","danish":"","dutch":"","english":"Partners","estonian":"","farsi":"","french":"","german":"","hebrew":"","hungarian":"","italian":"","macedonian":"","norwegian":"","portuguese-br":"","portuguese-pt":"","romanian":"","russian":"","spanish":"","swedish":"","turkish":"","ukranian":""},"seo_description":null,"seo_image":null,"settings":{"published":"1","body_class":""},"created_at":"2023-05-30T13:55:54.000000Z","updated_at":"2023-05-30T13:56:34.000000Z"}]