{"id":1226,"type":{"default_type":false,"name":"Predefined Section","slug":"predefined-section","fields":[{"type":"sections","name":"predefined_section","label":"Choose predefined section"}],"template":"\/var\/www\/templates\/lagom2\/core\/cms\/sections\/config\/predefined-section\/predefined-section.tpl","cache":true},"page_id":165,"visibility":1,"theme":"default","order":9,"created_at":"2023-08-31T06:50:01.000000Z","updated_at":"2023-08-31T06:50:01.000000Z","lang":{"english":{"id":1233,"translation":{"predefined_section":"23"}}},"translations":[{"id":1233,"section_id":1226,"lang":"english","values":{"predefined_section":"23"},"created_at":"2023-08-31T06:50:01.000000Z","updated_at":"2023-08-31T06:50:01.000000Z"}]}