{"id":247,"type":{"default_type":false,"name":"Predefined Section","slug":"predefined-section","fields":[{"type":"sections","name":"predefined_section","label":"Choose predefined section"}],"template":"\/var\/www\/templates\/lagom2\/core\/cms\/sections\/config\/predefined-section\/predefined-section.tpl","cache":true},"page_id":145,"visibility":1,"theme":"default","order":17,"created_at":"2023-04-05T13:32:27.000000Z","updated_at":"2023-08-15T13:25:20.000000Z","lang":{"english":{"id":250,"translation":{"predefined_section":"9"}}},"translations":[{"id":250,"section_id":247,"lang":"english","values":{"predefined_section":"9"},"created_at":"2023-04-05T13:32:27.000000Z","updated_at":"2023-04-05T13:32:27.000000Z"}]}