{"id":200,"type":{"default_type":false,"name":"Predefined Section","slug":"predefined-section","fields":[{"type":"sections","name":"predefined_section","label":"Choose predefined section"}],"template":"\/var\/www\/templates\/lagom2\/core\/cms\/sections\/config\/predefined-section\/predefined-section.tpl","cache":true},"page_id":154,"visibility":1,"theme":"default","order":1,"created_at":"2023-04-04T10:25:03.000000Z","updated_at":"2023-04-04T10:25:03.000000Z","lang":{"english":{"id":203,"translation":{"predefined_section":"8"}}},"translations":[{"id":203,"section_id":200,"lang":"english","values":{"predefined_section":"8"},"created_at":"2023-04-04T10:25:03.000000Z","updated_at":"2023-04-04T10:25:03.000000Z"}]}