{"id":1379,"type":{"default_type":false,"name":"Predefined Section","slug":"predefined-section","fields":[{"type":"sections","name":"predefined_section","label":"Choose predefined section"}],"template":"\/var\/www\/templates\/lagom2\/core\/cms\/sections\/config\/predefined-section\/predefined-section.tpl","cache":true},"page_id":250,"visibility":1,"theme":"default","order":14,"created_at":"2024-04-15T11:50:03.000000Z","updated_at":"2024-04-15T11:50:03.000000Z","lang":{"english":{"id":1386,"translation":{"predefined_section":"20"}}},"translations":[{"id":1386,"section_id":1379,"lang":"english","values":{"predefined_section":"20"},"created_at":"2024-04-15T11:50:03.000000Z","updated_at":"2024-04-15T11:50:03.000000Z"}]}