[{"id":127,"custom_page":1,"url":"section\/faq","name":"Section - FAQ","display_type":"website","list_display":1,"seo_enabled":1,"seo_robots":0,"seo_title":{"arabic":"","azerbaijani":"","catalan":"","chinese":"","croatian":"","czech":"","danish":"","dutch":"","english":"Section FAQ","estonian":"","farsi":"","french":"","german":"","hebrew":"","hungarian":"","italian":"","macedonian":"","norwegian":"","portuguese-br":"","portuguese-pt":"","romanian":"","russian":"","spanish":"","swedish":"","turkish":"","ukranian":""},"seo_description":null,"seo_image":null,"settings":{"published":"1","body_class":""},"created_at":"2023-02-20T12:41:52.000000Z","updated_at":"2023-06-21T13:35:32.000000Z"}]